AACB,,,,,100,N,N
AACBR,,,,,100,N,N
AACBU,,,,,100,N,N
AACG,,,,,,,
AACIU,,,,,100,N,N
AADR,,,,,100,Y,N
AAL,,,,,,,
AAME,,,,,100,N,N
AAOI,,,,,,,
AAON,,,,,,,
AAPB,,,,,100,Y,N
AAPD,,,,,100,Y,N
AAPG,,,,,100,N,N
AAPL,,,,,100,N,N
AAPU,,,,,100,Y,N
AARD,,,,,,,
AAVM,,,,,100,Y,N
AAXJ,,,,,100,Y,N
ABAT,,,,,100,N,N
ABCL,,,,,100,N,N
ABCS,,,,,100,Y,N
ABEO,,,,,100,N,N
ABIG,,,,,100,Y,N
ABL,,,,,,,
ABLLL,,,,,,,
ABLLW,,,,,,,
ABLV,,,,,100,N,N
ABLVW,,,,,100,N,N
ABNB,,,,,,,
ABOS,,,,,,,
ABP,,,,,,,
ABPWW,,,,,,,
ABSI,,,,,100,N,N
ABTS,,,,,100,N,N
ABUS,,,,,100,N,N
ABVC,,,,,,,
ABVE,,,,,100,N,N
ABVEW,,,,,100,N,N
ABVX,,,,,100,N,N
ACAD,,,,,100,N,N
ACB,,,,,100,N,N
ACDC,,,,,100,N,N
ACET,,,,,,,
ACGL,,,,,100,N,N
ACGLN,,,,,,,
ACGLO,,,,,,,
ACHC,,,,,,,
ACHV,,,,,,,
ACIC,,,,,100,N,N
ACIU,,,,,100,N,N
ACIW,,,,,,,
ACLS,,,,,,,
ACLX,,,,,,,
ACMR,,,,,,,
ACNB,,,,,100,N,N
ACNT,,,,,100,N,N
ACOG,,,,,100,N,N
ACON,,,,,,,
ACONW,,,,,,,
ACRS,,,,,,,
ACRV,,,,,,,
ACT,,,,,,,
ACTG,,,,,100,N,N
ACTU,,,,,,,
ACWI,,,,,100,Y,N
ACWX,,,,,100,Y,N
ACXP,,,,,,,
ADAG,,,,,,,
ADAP,,,,,100,N,N
ADBE,,,,,100,N,N
ADBG,,,,,100,Y,N
ADD,,,,,,,
ADEA,,,,,100,N,N
ADGM,,,,,,,
ADI,,,,,,,
ADIL,,,,,,,
ADMA,,,,,100,N,N
ADN,,,,,,,
ADNWW,,,,,,,
ADP,,,,,,,
ADPT,,,,,100,N,N
ADSE,,,,,100,N,N
ADSEW,,,,,100,N,N
ADSK,,,,,,,
ADTN,,,,,,,
ADTX,,,,,,,
ADUR,,,,,100,N,N
ADUS,,,,,100,N,N
ADV,,,,,100,N,N
ADVB,,,,,100,N,N
ADVM,,,,,,,
ADVWW,,,,,100,N,N
ADXN,,,,,100,N,N
AEHL,,,,,100,N,N
AEHR,,,,,100,N,N
AEI,,,,,100,N,N
AEIS,,,,,,,
AEMD,,,,,,,
AENT,,,,,100,N,N
AENTW,,,,,100,N,N
AEP,,,,,,,
AERT,,,,,,,
AERTW,,,,,,,
AEVA,,,,,,,
AEVAW,,,,,,,
AEYE,,,,,,,
AFBI,,,,,,,
AFCG,,,,,100,N,N
AFJK,,,,,,,
AFJKR,,,,,,,
AFJKU,,,,,,,
AFRI,,,,,100,N,N
AFRIW,,,,,100,N,N
AFRM,,,,,,,
AFSC,,,,,100,Y,N
AFYA,,,,,100,N,N
AGAE,,,,,100,N,N
AGEM,,,,,100,Y,N
AGEN,,,,,100,N,N
AGFY,,,,,100,N,N
AGGA,,,,,100,Y,N
AGH,,,,,100,N,N
AGIO,,,,,,,
AGIX,,,,,100,Y,N
AGMH,,,,,100,N,N
AGMI,,,,,100,Y,N
AGNC,,,,,100,N,N
AGNCL,,,,,,,
AGNCM,,,,,100,N,N
AGNCN,,,,,,,
AGNCO,,,,,,,
AGNCP,,,,,,,
AGNG,,,,,100,Y,N
AGRI,,,,,100,N,N
AGYS,,,,,,,
AGZD,,,,,100,Y,N
AHCO,,,,,100,N,N
AHG,,,,,100,N,N
AIA,,,,,100,Y,N
AIFE,,,,,100,N,N
AIFER,,,,,100,N,N
AIFEU,,,,,100,N,N
AIFF,,,,,,,
AIFU,,,,,100,N,N
AIHS,,,,,100,N,N
AIMD,,,,,,,
AIMDW,,,,,,,
AIOT,,,,,,,
AIP,,,,,,,
AIPI,,,,,100,Y,N
AIQ,,,,,100,Y,N
AIRE,,,,,100,N,N
AIRG,,,,,,,
AIRJ,,,,,100,N,N
AIRJW,,,,,100,N,N
AIRL,,,,,100,Y,N
AIRR,,,,,100,Y,N
AIRS,,,,,,,
AIRT,,,,,,,
AIRTP,,,,,,,
AISP,,,,,,,
AISPW,,,,,,,
AIXI,,,,,100,N,N
AKAM,,,,,,,
AKAN,,,,,100,N,N
AKBA,,,,,,,
AKRO,,,,,,,
AKTX,,,,,100,N,N
AKYA,,,,,,,
ALAB,,,,,,,
ALAR,,,,,100,N,N
ALBT,,,,,100,N,N
ALCO,,,,,,,
ALCY,,,,,100,N,N
ALCYU,,,,,100,N,N
ALCYW,,,,,100,N,N
ALDF,,,,,100,N,N
ALDFU,,,,,100,N,N
ALDFW,,,,,100,N,N
ALDX,,,,,,,
ALEC,,,,,,,
ALF,,,,,100,N,N
ALFUU,,,,,100,N,N
ALFUW,,,,,100,N,N
ALGM,,,,,,,
ALGN,,,,,,,
ALGS,,,,,,,
ALGT,,,,,100,N,N
ALHC,,,,,,,
ALIL,,,,,100,Y,N
ALKS,,,,,100,N,N
ALKT,,,,,,,
ALLO,,,,,,,
ALLR,,,,,,,
ALLT,,,,,100,N,N
ALLW,,,,,100,Y,N
ALMS,,,,,100,N,N
ALMU,,,,,,,
ALNT,,,,,100,N,N
ALNY,,,,,,,
ALOT,,,,,,,
ALRM,,,,,,,
ALRS,,,,,100,N,N
ALT,,,,,,,
ALTI,,,,,,,
ALTO,,,,,,,
ALTS,,,,,100,N,N
ALTY,,,,,100,Y,N
ALVO,,,,,100,N,N
ALVOW,,,,,100,N,N
ALXO,,,,,100,N,N
ALZN,,,,,,,
AMAL,,,,,100,N,N
AMAT,,,,,,,
AMBA,,,,,,,
AMBR,,,,,100,N,N
AMCX,,,,,100,N,N
AMD,,,,,,,
AMDD,,,,,100,Y,N
AMDG,,,,,100,Y,N
AMDL,,,,,100,Y,N
AMDS,,,,,100,Y,N
AMED,,,,,100,N,N
AMGN,,,,,100,N,N
AMID,,,,,100,Y,N
AMIX,,,,,,,
AMKR,,,,,,,
AMLX,,,,,,,
AMOD,,,,,,,
AMODW,,,,,,,
AMPG,,,,,,,
AMPGW,,,,,,,
AMPH,,,,,,,
AMPL,,,,,,,
AMRK,,,,,,,
AMRN,,,,,100,N,N
AMRX,,,,,,,
AMSC,,,,,100,N,N
AMSF,,,,,,,
AMST,,,,,100,N,N
AMTX,,,,,,,
AMUU,,,,,100,Y,N
AMWD,,,,,100,N,N
AMZD,,,,,100,Y,N
AMZN,,,,,,,
AMZU,,,,,100,Y,N
AMZZ,,,,,100,Y,N
ANAB,,,,,,,
ANDE,,,,,,,
ANEB,,,,,,,
ANGH,,,,,100,N,N
ANGHW,,,,,100,N,N
ANGI,,,,,100,N,N
ANGL,,,,,100,Y,N
ANGO,,,,,,,
ANIK,,,,,100,N,N
ANIP,,,,,,,
ANIX,,,,,,,
ANL,,,,,100,N,N
ANNA,,,,,,,
ANNAW,,,,,,,
ANNX,,,,,,,
ANSC,,,,,100,N,N
ANSCU,,,,,100,N,N
ANSCW,,,,,100,N,N
ANSS,,,,,,,
ANTA,,,,,100,N,N
ANTE,,,,,100,N,N
ANTX,,,,,,,
ANY,,,,,100,N,N
AOHY,,,,,100,Y,N
AOSL,,,,,100,N,N
AOTG,,,,,100,Y,N
AOUT,,,,,,,
APA,,,,,100,N,N
APDN,,,,,,,
APED,,,,,100,Y,N
APEI,,,,,,,
APGE,,,,,,,
API,,,,,,,
APLD,,,,,100,N,N
APLM,,,,,100,N,N
APLMW,,,,,100,N,N
APLS,,,,,,,
APLT,,,,,,,
APM,,,,,100,N,N
APOG,,,,,,,
APP,,,,,100,N,N
APPF,,,,,,,
APPN,,,,,100,N,N
APPS,,,,,,,
APPX,,,,,100,Y,N
APRE,,,,,,,
APVO,,,,,100,N,N
APWC,,,,,,,
APYX,,,,,100,N,N
AQB,,,,,,,
AQMS,,,,,,,
AQST,,,,,,,
AQWA,,,,,100,Y,N
ARAI,,,,,100,N,N
ARAY,,,,,100,N,N
ARBB,,,,,100,N,N
ARBE,,,,,100,N,N
ARBEW,,,,,100,N,N
ARBK,,,,,100,N,N
ARBKL,,,,,100,N,N
ARCB,,,,,100,N,N
ARCC,,,,,100,N,N
ARCT,,,,,100,N,N
ARDX,,,,,,,
AREB,,,,,,,
AREBW,,,,,,,
AREC,,,,,100,N,N
ARGX,,,,,100,N,N
ARHS,,,,,,,
ARKO,,,,,100,N,N
ARKOW,,,,,100,N,N
ARKR,,,,,100,N,N
ARLP,,,,,,,
ARM,,,,,100,N,N
ARMG,,,,,100,Y,N
AROW,,,,,100,N,N
ARQ,,,,,,,
ARQQ,,,,,100,N,N
ARQQW,,,,,100,N,N
ARQT,,,,,,,
ARRY,,,,,,,
ARTL,,,,,,,
ARTNA,,,,,100,N,N
ARTV,,,,,,,
ARTW,,,,,,,
ARVN,,,,,,,
ARVR,,,,,100,Y,N
ARWR,,,,,,,
ASBP,,,,,,,
ASBPW,,,,,,,
ASET,,,,,100,Y,N
ASLE,,,,,100,N,N
ASMB,,,,,,,
ASMG,,,,,100,Y,N
ASML,,,,,100,N,N
ASND,,,,,100,N,N
ASNS,,,,,,,
ASO,,,,,,,
ASPC,,,,,100,N,N
ASPCR,,,,,100,N,N
ASPCU,,,,,100,N,N
ASPI,,,,,100,N,N
ASPS,,,,,100,N,N
ASPSW,,,,,100,N,N
ASPSZ,,,,,100,N,N
ASRT,,,,,,,
ASRV,,,,,100,N,N
ASST,,,,,100,N,N
ASTC,,,,,100,N,N
ASTE,,,,,,,
ASTH,,,,,100,N,N
ASTI,,,,,,,
ASTL,,,,,100,N,N
ASTLW,,,,,100,N,N
ASTS,,,,,,,
ASUR,,,,,100,N,N
ASYS,,,,,,,
ATAI,,,,,100,N,N
ATAT,,,,,100,N,N
ATCOL,,,,,100,N,N
ATEC,,,,,,,
ATER,,,,,,,
ATEX,,,,,100,N,N
ATGL,,,,,100,N,N
ATHA,,,,,,,
ATHE,,,,,100,N,N
ATHR,,,,,,,
ATII,,,,,100,N,N
ATIIU,,,,,100,N,N
ATIIW,,,,,100,N,N
ATLC,,,,,100,N,N
ATLCL,,,,,100,N,N
ATLCP,,,,,,,
ATLCZ,,,,,100,N,N
ATLN,,,,,100,N,N
ATLO,,,,,100,N,N
ATLX,,,,,100,N,N
ATMC,,,,,100,N,N
ATMCR,,,,,100,N,N
ATMCU,,,,,100,N,N
ATMCW,,,,,100,N,N
ATMV,,,,,100,N,N
ATMVR,,,,,100,N,N
ATMVU,,,,,100,N,N
ATNF,,,,,100,N,N
ATNFW,,,,,100,N,N
ATNI,,,,,,,
ATOM,,,,,100,N,N
ATOS,,,,,,,
ATPC,,,,,100,N,N
ATRA,,,,,,,
ATRC,,,,,,,
ATRO,,,,,100,N,N
ATXG,,,,,100,N,N
ATXS,,,,,,,
ATYR,,,,,,,
AUBN,,,,,,,
AUDC,,,,,100,N,N
AUID,,,,,100,N,N
AUMI,,,,,100,Y,N
AUPH,,,,,100,N,N
AUR,,,,,,,
AURA,,,,,,,
AUROW,,,,,,,
AUTL,,,,,100,N,N
AUUD,,,,,100,N,N
AUUDW,,,,,100,N,N
AVAH,,,,,100,N,N
AVAV,,,,,,,
AVBP,,,,,,,
AVDL,,,,,100,N,N
AVDX,,,,,,,
AVGB,,,,,100,Y,N
AVGG,,,,,100,Y,N
AVGO,,,,,100,N,N
AVGX,,,,,100,Y,N
AVIR,,,,,,,
AVL,,,,,100,Y,N
AVNW,,,,,,,
AVO,,,,,,,
AVPT,,,,,,,
AVPTW,,,,,,,
AVR,,,,,100,N,N
AVS,,,,,100,Y,N
AVT,,,,,,,
AVTX,,,,,,,
AVUQ,,,,,100,Y,N
AVXC,,,,,100,Y,N
AVXL,,,,,100,N,N
AWRE,,,,,,,
AXGN,,,,,,,
AXON,,,,,,,
AXSM,,,,,,,
AXTI,,,,,100,N,N
AYRO,,,,,,,
AYTU,,,,,,,
AZ,,,,,100,N,N
AZI,,,,,100,N,N
AZN,,,,,100,N,N
AZTA,,,,,,,
BABX,,,,,100,Y,N
BACQ,,,,,100,N,N
BACQR,,,,,100,N,N
BACQU,,,,,100,N,N
BAER,,,,,,,
BAERW,,,,,,,
BAFE,,,,,100,Y,N
BAFN,,,,,100,N,N
BAND,,,,,100,N,N
BANF,,,,,100,N,N
BANFP,,,,,100,N,N
BANL,,,,,100,N,N
BANR,,,,,100,N,N
BANX,,,,,100,N,N
BAOS,,,,,100,N,N
BASE,,,,,,,
BATRA,,,,,,,
BATRK,,,,,,,
BAYA,,,,,100,N,N
BAYAR,,,,,100,N,N
BAYAU,,,,,100,N,N
BBCP,,,,,,,
BBGI,,,,,,,
BBH,,,,,100,Y,N
BBIO,,,,,,,
BBLG,,,,,100,N,N
BBLGW,,,,,100,N,N
BBNX,,,,,,,
BBSI,,,,,,,
BCAB,,,,,,,
BCAL,,,,,100,N,N
BCAX,,,,,100,N,N
BCBP,,,,,,,
BCDA,,,,,,,
BCG,,,,,,,
BCGWW,,,,,,,
BCLI,,,,,100,N,N
BCLO,,,,,100,Y,N
BCML,,,,,100,N,N
BCPC,,,,,100,N,N
BCRX,,,,,,,
BCTX,,,,,100,N,N
BCTXW,,,,,100,N,N
BCTXZ,,,,,100,N,N
BCYC,,,,,100,N,N
BDGS,,,,,100,Y,N
BDMD,,,,,100,N,N
BDMDW,,,,,100,N,N
BDRX,,,,,100,N,N
BDSX,,,,,,,
BDTX,,,,,,,
BEAG,,,,,100,N,N
BEAGR,,,,,100,N,N
BEAGU,,,,,100,N,N
BEAM,,,,,100,N,N
BEAT,,,,,,,
BEATW,,,,,,,
BEEM,,,,,100,N,N
BEEP,,,,,100,N,N
BEEX,,,,,100,Y,N
BEEZ,,,,,100,Y,N
BELFA,,,,,100,N,N
BELFB,,,,,100,N,N
BELT,,,,,100,Y,N
BENF,,,,,100,N,N
BENFW,,,,,100,N,N
BETR,,,,,100,N,N
BETRW,,,,,100,N,N
BFC,,,,,100,N,N
BFIN,,,,,100,N,N
BFRG,,,,,,,
BFRGW,,,,,,,
BFRI,,,,,100,N,N
BFRIW,,,,,100,N,N
BFST,,,,,,,
BGC,,,,,,,
BGFV,,,,,100,N,N
BGLC,,,,,100,N,N
BGM,,,,,100,N,N
BGRN,,,,,100,Y,N
BGRO,,,,,100,Y,N
BHAT,,,,,100,N,N
BHF,,,,,,,
BHFAL,,,,,,,
BHFAM,,,,,,,
BHFAN,,,,,,,
BHFAO,,,,,,,
BHFAP,,,,,,,
BHRB,,,,,100,N,N
BHST,,,,,100,N,N
BIAF,,,,,,,
BIAFW,,,,,,,
BIB,,,,,100,Y,N
BIDU,,,,,,,
BIGC,,,,,,,
BIIB,,,,,100,N,N
BILI,,,,,100,N,N
BIOA,,,,,,,
BIOX,,,,,100,N,N
BIRD,,,,,,,
BIS,,,,,100,Y,N
BITF,,,,,100,N,N
BITS,,,,,100,Y,N
BIVI,,,,,100,N,N
BIYA,,,,,100,N,N
BJDX,,,,,,,
BJK,,,,,100,Y,N
BJRI,,,,,,,
BKCH,,,,,100,Y,N
BKHA,,,,,100,N,N
BKHAR,,,,,100,N,N
BKHAU,,,,,100,N,N
BKIV,,,,,100,Y,N
BKNG,,,,,100,N,N
BKR,,,,,100,N,N
BKWO,,,,,100,Y,N
BKYI,,,,,,,
BL,,,,,,,
BLBD,,,,,100,N,N
BLBX,,,,,100,N,N
BLCN,,,,,100,Y,N
BLCR,,,,,100,Y,N
BLDE,,,,,,,
BLDEW,,,,,,,
BLDP,,,,,,,
BLFS,,,,,,,
BLFY,,,,,100,N,N
BLIN,,,,,,,
BLIV,,,,,100,N,N
BLKB,,,,,,,
BLMN,,,,,,,
BLMZ,,,,,100,N,N
BLNE,,,,,,,
BLNK,,,,,100,N,N
BLRX,,,,,100,N,N
BLTE,,,,,,,
BLUE,,,,,,,
BLZE,,,,,,,
BMAX,,,,,100,Y,N
BMBL,,,,,100,N,N
BMDL,,,,,100,Y,N
BMEA,,,,,,,
BMGL,,,,,100,N,N
BMR,,,,,100,N,N
BMRA,,,,,,,
BMRC,,,,,100,N,N
BMRN,,,,,100,N,N
BNAI,,,,,100,N,N
BNAIW,,,,,100,N,N
BND,,,,,100,Y,N
BNDW,,,,,100,Y,N
BNDX,,,,,100,Y,N
BNGO,,,,,,,
BNR,,,,,100,N,N
BNRG,,,,,100,N,N
BNTC,,,,,100,N,N
BNTX,,,,,100,N,N
BNZI,,,,,,,
BNZIW,,,,,,,
BOED,,,,,100,Y,N
BOEU,,,,,100,Y,N
BOF,,,,,100,N,N
BOKF,,,,,100,N,N
BOLD,,,,,,,
BOLT,,,,,,,
BON,,,,,100,N,N
BOOM,,,,,100,N,N
BOSC,,,,,100,N,N
BOTJ,,,,,,,
BOTT,,,,,100,Y,N
BOTZ,,,,,100,Y,N
BOWN,,,,,100,N,N
BOWNR,,,,,100,N,N
BOWNU,,,,,100,N,N
BOXL,,,,,100,N,N
BPMC,,,,,100,N,N
BPOP,,,,,,,
BPOPM,,,,,,,
BPRN,,,,,,,
BPYPM,,,,,,,
BPYPN,,,,,,,
BPYPO,,,,,,,
BPYPP,,,,,100,N,N
BRAG,,,,,100,N,N
BREA,,,,,100,N,N
BRFH,,,,,100,N,N
BRHY,,,,,100,Y,N
BRID,,,,,100,N,N
BRKD,,,,,100,Y,N
BRKL,,,,,,,
BRKR,,,,,100,N,N
BRKU,,,,,100,Y,N
BRLS,,,,,100,N,N
BRLSW,,,,,100,N,N
BRLT,,,,,,,
BRNS,,,,,100,N,N
BRNY,,,,,100,Y,N
BROG,,,,,100,N,N
BRRR,,,,,100,Y,N
BRTR,,,,,100,Y,N
BRTX,,,,,,,
BRY,,,,,100,N,N
BRZE,,,,,,,
BSBK,,,,,100,N,N
BSCP,,,,,100,Y,N
BSCQ,,,,,100,Y,N
BSCR,,,,,100,Y,N
BSCS,,,,,100,Y,N
BSCT,,,,,100,Y,N
BSCU,,,,,100,Y,N
BSCV,,,,,100,Y,N
BSCW,,,,,100,Y,N
BSCX,,,,,100,Y,N
BSCY,,,,,100,Y,N
BSET,,,,,,,
BSGM,,,,,,,
BSII,,,,,100,N,N
BSIIU,,,,,100,N,N
BSIIW,,,,,100,N,N
BSJP,,,,,100,Y,N
BSJQ,,,,,100,Y,N
BSJR,,,,,100,Y,N
BSJS,,,,,100,Y,N
BSJT,,,,,100,Y,N
BSJU,,,,,100,Y,N
BSJV,,,,,100,Y,N
BSJW,,,,,100,Y,N
BSLK,,,,,,,
BSLKW,,,,,,,
BSMP,,,,,100,Y,N
BSMQ,,,,,100,Y,N
BSMR,,,,,100,Y,N
BSMS,,,,,100,Y,N
BSMT,,,,,100,Y,N
BSMU,,,,,100,Y,N
BSMV,,,,,100,Y,N
BSMW,,,,,100,Y,N
BSMY,,,,,100,Y,N
BSRR,,,,,100,N,N
BSSX,,,,,100,Y,N
BSVN,,,,,100,N,N
BSVO,,,,,100,Y,N
BSY,,,,,,,
BTAI,,,,,,,
BTBD,,,,,,,
BTBDW,,,,,,,
BTBT,,,,,,,
BTCS,,,,,100,N,N
BTCT,,,,,100,N,N
BTDR,,,,,100,N,N
BTF,,,,,100,Y,N
BTFX,,,,,100,Y,N
BTGD,,,,,100,Y,N
BTM,,,,,100,N,N
BTMD,,,,,100,N,N
BTMWW,,,,,100,N,N
BTOC,,,,,100,N,N
BTOG,,,,,100,N,N
BTSG,,,,,,,
BTSGU,,,,,,,
BUFC,,,,,100,Y,N
BUFI,,,,,100,Y,N
BUFM,,,,,100,Y,N
BUG,,,,,100,Y,N
BULD,,,,,100,Y,N
BULL,,,,,100,N,N
BULLW,,,,,100,N,N
BULLZ,,,,,100,N,N
BUSE,,,,,100,N,N
BVFL,,,,,,,
BVS,,,,,100,N,N
BWAY,,,,,100,N,N
BWB,,,,,,,
BWBBP,,,,,,,
BWEN,,,,,,,
BWFG,,,,,,,
BWIN,,,,,,,
BWMN,,,,,100,N,N
BYFC,,,,,100,N,N
BYND,,,,,,,
BYRN,,,,,,,
BYSI,,,,,,,
BZ,,,,,100,N,N
BZAI,,,,,,,
BZAIW,,,,,,,
BZFD,,,,,,,
BZFDW,,,,,,,
BZUN,,,,,100,N,N
CA,,,,,100,Y,N
CAAS,,,,,,,
CABA,,,,,,,
CAC,,,,,100,N,N
CACC,,,,,100,N,N
CADL,,,,,,,
CAFG,,,,,100,Y,N
CAKE,,,,,100,N,N
CALC,,,,,,,
CALI,,,,,100,Y,N
CALM,,,,,,,
CAMP,,,,,100,N,N
CAMT,,,,,100,N,N
CAN,,,,,100,N,N
CANC,,,,,100,Y,N
CANQ,,,,,100,Y,N
CAPN,,,,,100,N,N
CAPNR,,,,,100,N,N
CAPNU,,,,,100,N,N
CAPR,,,,,,,
CAPS,,,,,100,N,N
CAPT,,,,,100,N,N
CAPTW,,,,,100,N,N
CAR,,,,,,,
CARE,,,,,,,
CARG,,,,,,,
CARM,,,,,,,
CART,,,,,100,N,N
CARV,,,,,,,
CARY,,,,,100,Y,N
CARZ,,,,,100,Y,N
CASH,,,,,,,
CASI,,,,,,,
CASK,,,,,,,
CASS,,,,,,,
CASY,,,,,,,
CATH,,,,,100,Y,N
CATY,,,,,100,N,N
CBAT,,,,,,,
CBFV,,,,,,,
CBLL,,,,,,,
CBNK,,,,,,,
CBRL,,,,,,,
CBSH,,,,,,,
CBUS,,,,,,,
CCAP,,,,,,,
CCB,,,,,100,N,N
CCBG,,,,,100,N,N
CCCC,,,,,,,
CCCMU,,,,,100,N,N
CCCS,,,,,100,N,N
CCCXU,,,,,100,N,N
CCD,,,,,100,N,N
CCEC,,,,,100,N,N
CCEP,,,,,100,N,N
CCG,,,,,100,N,N
CCGWW,,,,,100,N,N
CCIR,,,,,100,N,N
CCIRU,,,,,100,N,N
CCIRW,,,,,100,N,N
CCIX,,,,,100,N,N
CCIXU,,,,,100,N,N
CCIXW,,,,,100,N,N
CCLD,,,,,,,
CCLDO,,,,,,,
CCNE,,,,,100,N,N
CCNEP,,,,,,,
CCNR,,,,,100,Y,N
CCOI,,,,,,,
CCRN,,,,,,,
CCSB,,,,,100,Y,N
CCSI,,,,,,,
CCSO,,,,,100,Y,N
CCTG,,,,,100,N,N
CDC,,,,,100,Y,N
CDIO,,,,,100,N,N
CDIOW,,,,,100,N,N
CDL,,,,,100,Y,N
CDLX,,,,,,,
CDNA,,,,,,,
CDNS,,,,,,,
CDRO,,,,,,,
CDROW,,,,,,,
CDT,,,,,100,N,N
CDTG,,,,,100,N,N
CDTTW,,,,,100,N,N
CDTX,,,,,,,
CDW,,,,,100,N,N
CDXS,,,,,,,
CDZI,,,,,,,
CDZIP,,,,,,,
CEAD,,,,,100,N,N
CEADW,,,,,100,N,N
CECO,,,,,100,N,N
CEFA,,,,,100,Y,N
CEG,,,,,100,N,N
CELC,,,,,100,N,N
CELH,,,,,,,
CELU,,,,,100,N,N
CELUW,,,,,100,N,N
CELZ,,,,,,,
CENN,,,,,100,N,N
CENT,,,,,100,N,N
CENTA,,,,,100,N,N
CENX,,,,,100,N,N
CEP,,,,,,,
CEPI,,,,,100,Y,N
CEPO,,,,,,,
CEPT,,,,,,,
CERO,,,,,,,
CEROW,,,,,,,
CERS,,,,,100,N,N
CERT,,,,,,,
CETX,,,,,100,N,N
CETY,,,,,,,
CEVA,,,,,,,
CFA,,,,,100,Y,N
CFBK,,,,,100,N,N
CFFI,,,,,100,N,N
CFFN,,,,,,,
CFLT,,,,,,,
CFO,,,,,100,Y,N
CFSB,,,,,,,
CG,,,,,100,N,N
CGABL,,,,,100,N,N
CGBD,,,,,,,
CGBDL,,,,,,,
CGBS,,,,,100,N,N
CGBSW,,,,,100,N,N
CGC,,,,,100,N,N
CGCTU,,,,,100,N,N
CGEM,,,,,,,
CGEN,,,,,100,N,N
CGNT,,,,,100,N,N
CGNX,,,,,100,N,N
CGO,,,,,100,N,N
CGON,,,,,,,
CGTL,,,,,100,N,N
CGTX,,,,,,,
CHA,,,,,,,
CHAC,,,,,100,N,N
CHACR,,,,,100,N,N
CHACU,,,,,100,N,N
CHAR,,,,,100,N,N
CHARR,,,,,100,N,N
CHARU,,,,,100,N,N
CHCI,,,,,,,
CHCO,,,,,100,N,N
CHDN,,,,,,,
CHEF,,,,,,,
CHEK,,,,,100,N,N
CHGX,,,,,100,Y,N
CHI,,,,,100,N,N
CHKP,,,,,100,N,N
CHMG,,,,,100,N,N
CHNR,,,,,,,
CHPGU,,,,,100,N,N
CHPS,,,,,100,Y,N
CHR,,,,,,,
CHRD,,,,,100,N,N
CHRS,,,,,,,
CHRW,,,,,,,
CHSCL,,,,,,,
CHSCM,,,,,,,
CHSCN,,,,,100,N,N
CHSCO,,,,,100,N,N
CHSCP,,,,,100,N,N
CHSN,,,,,100,N,N
CHTR,,,,,,,
CHW,,,,,100,N,N
CHX,,,,,100,N,N
CHY,,,,,100,N,N
CIBR,,,,,100,Y,N
CIFR,,,,,100,N,N
CIFRW,,,,,100,N,N
CIGI,,,,,100,N,N
CIGL,,,,,100,N,N
CIIT,,,,,,,
CIL,,,,,100,Y,N
CINF,,,,,100,N,N
CING,,,,,100,N,N
CINGW,,,,,100,N,N
CISO,,,,,,,
CISS,,,,,100,N,N
CIVB,,,,,,,
CJET,,,,,,,
CJMB,,,,,100,N,N
CKPT,,,,,,,
CLAR,,,,,100,N,N
CLBK,,,,,,,
CLBT,,,,,100,N,N
CLDX,,,,,,,
CLEU,,,,,100,N,N
CLFD,,,,,,,
CLGN,,,,,100,N,N
CLIK,,,,,100,N,N
CLIR,,,,,100,N,N
CLLS,,,,,100,N,N
CLMB,,,,,,,
CLMT,,,,,,,
CLNE,,,,,100,N,N
CLNN,,,,,100,N,N
CLNNW,,,,,100,N,N
CLOA,,,,,100,Y,N
CLOD,,,,,100,Y,N
CLOU,,,,,100,Y,N
CLOV,,,,,,,
CLPS,,,,,100,N,N
CLPT,,,,,100,N,N
CLRB,,,,,,,
CLRO,,,,,,,
CLSD,,,,,,,
CLSK,,,,,,,
CLSKW,,,,,,,
CLSM,,,,,100,Y,N
CLST,,,,,,,
CLWT,,,,,100,N,N
CLYM,,,,,,,
CMBM,,,,,100,N,N
CMCO,,,,,100,N,N
CMCSA,,,,,100,N,N
CMCT,,,,,100,N,N
CME,,,,,100,N,N
CMMB,,,,,100,N,N
CMND,,,,,100,N,N
CMPO,,,,,,,
CMPOW,,,,,,,
CMPR,,,,,100,N,N
CMPS,,,,,100,N,N
CMPX,,,,,,,
CMTL,,,,,100,N,N
CNCK,,,,,100,N,N
CNCKW,,,,,100,N,N
CNDT,,,,,100,N,N
CNET,,,,,100,N,N
CNEY,,,,,100,N,N
CNFR,,,,,,,
CNFRZ,,,,,,,
CNOB,,,,,,,
CNOBP,,,,,,,
CNSP,,,,,,,
CNTA,,,,,100,N,N
CNTB,,,,,100,N,N
CNTX,,,,,100,N,N
CNTY,,,,,,,
CNVS,,,,,100,N,N
CNXC,,,,,100,N,N
CNXN,,,,,,,
COCH,,,,,,,
COCHW,,,,,,,
COCO,,,,,,,
COCP,,,,,,,
CODA,,,,,,,
CODX,,,,,,,
COEP,,,,,,,
COEPW,,,,,,,
COFS,,,,,,,
COGT,,,,,,,
COHU,,,,,,,
COIG,,,,,100,Y,N
COIN,,,,,,,
COKE,,,,,,,
COLA,,,,,100,N,N
COLAR,,,,,100,N,N
COLAU,,,,,100,N,N
COLB,,,,,,,
COLL,,,,,,,
COLM,,,,,100,N,N
COMM,,,,,,,
COMT,,,,,100,Y,N
CONI,,,,,100,Y,N
CONL,,,,,100,Y,N
COO,,,,,,,
COOP,,,,,100,N,N
COOT,,,,,100,N,N
COOTW,,,,,100,N,N
COPJ,,,,,100,Y,N
COPP,,,,,100,Y,N
CORO,,,,,100,Y,N
CORT,,,,,100,N,N
CORZ,,,,,,,
CORZW,,,,,,,
CORZZ,,,,,,,
COSM,,,,,100,N,N
COST,,,,,100,N,N
COWG,,,,,100,Y,N
COWS,,,,,100,Y,N
COYA,,,,,,,
CPB,,,,,100,N,N
CPBI,,,,,,,
CPHC,,,,,100,N,N
CPIX,,,,,100,N,N
CPLS,,,,,100,Y,N
CPOP,,,,,,,
CPRT,,,,,,,
CPRX,,,,,,,
CPSH,,,,,100,N,N
CPSS,,,,,,,
CPZ,,,,,100,N,N
CRAI,,,,,,,
CRAQU,,,,,100,N,N
CRBP,,,,,,,
CRBU,,,,,,,
CRCT,,,,,,,
CRDF,,,,,,,
CRDL,,,,,100,N,N
CRDO,,,,,100,N,N
CREG,,,,,100,N,N
CRESW,,,,,100,N,N
CRESY,,,,,,,
CREV,,,,,100,N,N
CREVW,,,,,100,N,N
CREX,,,,,,,
CRGO,,,,,100,N,N
CRGOW,,,,,100,N,N
CRGX,,,,,,,
CRIS,,,,,,,
CRMD,,,,,100,N,N
CRMG,,,,,100,Y,N
CRML,,,,,100,N,N
CRMLW,,,,,100,N,N
CRMT,,,,,,,
CRNC,,,,,100,N,N
CRNT,,,,,100,N,N
CRNX,,,,,,,
CRON,,,,,100,N,N
CROX,,,,,,,
CRSP,,,,,100,N,N
CRSR,,,,,,,
CRTO,,,,,100,N,N
CRUS,,,,,,,
CRVL,,,,,100,N,N
CRVO,,,,,100,N,N
CRVS,,,,,,,
CRWD,,,,,,,
CRWL,,,,,100,Y,N
CRWS,,,,,,,
CRWV,,,,,,,
CSAI,,,,,,,
CSB,,,,,100,Y,N
CSBR,,,,,,,
CSCI,,,,,100,N,N
CSCO,,,,,,,
CSGP,,,,,,,
CSGS,,,,,,,
CSIQ,,,,,100,N,N
CSPI,,,,,100,N,N
CSQ,,,,,100,N,N
CSTE,,,,,100,N,N
CSTL,,,,,,,
CSWC,,,,,100,N,N
CSWCZ,,,,,100,N,N
CSWI,,,,,,,
CSX,,,,,100,N,N
CTAS,,,,,100,N,N
CTBI,,,,,,,
CTEC,,,,,100,Y,N
CTKB,,,,,,,
CTLP,,,,,,,
CTMX,,,,,,,
CTNM,,,,,,,
CTNT,,,,,100,N,N
CTOR,,,,,,,
CTRM,,,,,100,N,N
CTRN,,,,,,,
CTSH,,,,,100,N,N
CTSO,,,,,100,N,N
CTXR,,,,,,,
CUB,,,,,100,N,N
CUBA,,,,,,,
CUBWU,,,,,100,N,N
CUBWW,,,,,100,N,N
CUE,,,,,,,
CUPR,,,,,100,N,N
CURI,,,,,100,N,N
CURIW,,,,,100,N,N
CURR,,,,,100,N,N
CVAC,,,,,100,N,N
CVBF,,,,,100,N,N
CVCO,,,,,,,
CVGI,,,,,,,
CVGW,,,,,,,
CVKD,,,,,,,
CVLT,,,,,,,
CVNX,,,,,100,Y,N
CVRX,,,,,,,
CVV,,,,,100,N,N
CWBC,,,,,100,N,N
CWCO,,,,,100,N,N
CWD,,,,,100,N,N
CWST,,,,,,,
CXAI,,,,,100,N,N
CXAIW,,,,,100,N,N
CXDO,,,,,,,
CXSE,,,,,100,Y,N
CYBR,,,,,100,N,N
CYCC,,,,,,,
CYCCP,,,,,,,
CYCN,,,,,,,
CYCU,,,,,,,
CYCUW,,,,,,,
CYN,,,,,100,N,N
CYRX,,,,,,,
CYTK,,,,,,,
CZAR,,,,,100,Y,N
CZFS,,,,,,,
CZNC,,,,,100,N,N
CZR,,,,,,,
CZWI,,,,,,,
DAAQU,,,,,100,N,N
DADA,,,,,100,N,N
DAIO,,,,,100,N,N
DAKT,,,,,,,
DALI,,,,,100,Y,N
DALN,,,,,100,N,N
DAPP,,,,,100,Y,N
DARE,,,,,,,
DASH,,,,,,,
DATS,,,,,,,
DATSW,,,,,,,
DAVE,,,,,100,N,N
DAVEW,,,,,100,N,N
DAWN,,,,,,,
DAX,,,,,100,Y,N
DBVT,,,,,100,N,N
DBX,,,,,,,
DCAP,,,,,100,Y,N
DCBO,,,,,100,N,N
DCGO,,,,,100,N,N
DCOM,,,,,,,
DCOMG,,,,,,,
DCOMP,,,,,,,
DCTH,,,,,,,
DDI,,,,,,,
DDIV,,,,,100,Y,N
DDOG,,,,,,,
DECO,,,,,100,Y,N
DEFT,,,,,,,
DEMZ,,,,,100,Y,N
DENN,,,,,100,N,N
DERM,,,,,100,N,N
DEVS,,,,,100,N,N
DFDV,,,,,100,N,N
DFGP,,,,,100,Y,N
DFGX,,,,,100,Y,N
DFLI,,,,,100,N,N
DFLIW,,,,,100,N,N
DGCB,,,,,100,Y,N
DGICA,,,,,,,
DGICB,,,,,,,
DGII,,,,,100,N,N
DGLY,,,,,,,
DGNX,,,,,100,N,N
DGRE,,,,,100,Y,N
DGRS,,,,,100,Y,N
DGRW,,,,,100,Y,N
DGXX,,,,,100,N,N
DH,,,,,100,N,N
DHAI,,,,,,,
DHAIW,,,,,,,
DHC,,,,,100,N,N
DHCNI,,,,,100,N,N
DHCNL,,,,,100,N,N
DHIL,,,,,,,
DIBS,,,,,,,
DIOD,,,,,100,N,N
DIST,,,,,100,N,N
DISTR,,,,,100,N,N
DISTW,,,,,100,N,N
DIVD,,,,,100,Y,N
DJCO,,,,,100,N,N
DJT,,,,,100,N,N
DJTWW,,,,,100,N,N
DKNG,,,,,100,N,N
DLHC,,,,,100,N,N
DLLL,,,,,100,Y,N
DLO,,,,,100,N,N
DLPN,,,,,,,
DLTH,,,,,100,N,N
DLTR,,,,,,,
DMAA,,,,,100,N,N
DMAAR,,,,,100,N,N
DMAAU,,,,,100,N,N
DMAC,,,,,100,N,N
DMAT,,,,,100,Y,N
DMLP,,,,,,,
DMRC,,,,,100,N,N
DMXF,,,,,100,Y,N
DNLI,,,,,100,N,N
DNTH,,,,,,,
DNUT,,,,,,,
DOCU,,,,,,,
DOGZ,,,,,100,N,N
DOMH,,,,,100,N,N
DOMO,,,,,,,
DOOO,,,,,100,N,N
DORM,,,,,,,
DOX,,,,,100,N,N
DOYU,,,,,100,N,N
DPRO,,,,,100,N,N
DPZ,,,,,100,N,N
DRCT,,,,,,,
DRDB,,,,,100,N,N
DRDBU,,,,,100,N,N
DRDBW,,,,,100,N,N
DRIO,,,,,100,N,N
DRIV,,,,,100,Y,N
DRMA,,,,,,,
DRMAW,,,,,,,
DRRX,,,,,100,N,N
DRS,,,,,,,
DRTS,,,,,100,N,N
DRTSW,,,,,100,N,N
DRUG,,,,,100,N,N
DRVN,,,,,100,N,N
DSGN,,,,,,,
DSGR,,,,,,,
DSGX,,,,,100,N,N
DSP,,,,,100,N,N
DSWL,,,,,,,
DSY,,,,,100,N,N
DSYWW,,,,,100,N,N
DTCK,,,,,100,N,N
DTCR,,,,,100,Y,N
DTI,,,,,100,N,N
DTIL,,,,,,,
DTSQ,,,,,100,N,N
DTSQR,,,,,100,N,N
DTSQU,,,,,100,N,N
DTSS,,,,,100,N,N
DTST,,,,,100,N,N
DTSTW,,,,,100,N,N
DUKH,,,,,100,Y,N
DUKX,,,,,100,Y,N
DUO,,,,,100,N,N
DUOL,,,,,,,
DUOT,,,,,,,
DVAL,,,,,100,Y,N
DVAX,,,,,100,N,N
DVLT,,,,,100,N,N
DVLU,,,,,100,Y,N
DVOL,,,,,100,Y,N
DVQQ,,,,,100,Y,N
DVSP,,,,,100,Y,N
DVY,,,,,100,Y,N
DWAS,,,,,100,Y,N
DWAW,,,,,100,Y,N
DWSH,,,,,100,Y,N
DWSN,,,,,100,N,N
DWTX,,,,,,,
DWUS,,,,,100,Y,N
DXCM,,,,,,,
DXJS,,,,,100,Y,N
DXLG,,,,,,,
DXPE,,,,,,,
DXR,,,,,100,N,N
DXST,,,,,100,N,N
DYAI,,,,,,,
DYCQ,,,,,100,N,N
DYCQR,,,,,100,N,N
DYCQU,,,,,100,N,N
DYFI,,,,,100,Y,N
DYN,,,,,,,
DYNI,,,,,100,Y,N
DYNX,,,,,100,N,N
DYNXU,,,,,100,N,N
DYNXW,,,,,100,N,N
DYTA,,,,,100,Y,N
EA,,,,,100,N,N
EBAY,,,,,100,N,N
EBC,,,,,,,
EBI,,,,,100,Y,N
EBIZ,,,,,100,Y,N
EBMT,,,,,,,
EBON,,,,,100,N,N
EBTC,,,,,100,N,N
ECBK,,,,,,,
ECDA,,,,,,,
ECDAW,,,,,,,
ECOR,,,,,,,
ECOW,,,,,100,Y,N
ECPG,,,,,100,N,N
ECX,,,,,100,N,N
ECXWW,,,,,100,N,N
EDAP,,,,,,,
EDBL,,,,,100,N,N
EDBLW,,,,,100,N,N
EDHL,,,,,100,N,N
EDIT,,,,,,,
EDRY,,,,,100,N,N
EDSA,,,,,,,
EDTK,,,,,100,N,N
EDUC,,,,,100,N,N
EEFT,,,,,,,
EEIQ,,,,,100,N,N
EEMA,,,,,100,Y,N
EFAS,,,,,100,Y,N
EFOI,,,,,,,
EFRA,,,,,100,Y,N
EFSC,,,,,100,N,N
EFSCP,,,,,,,
EFSI,,,,,100,N,N
EGAN,,,,,100,N,N
EGBN,,,,,,,
EGGQ,,,,,100,Y,N
EGHAU,,,,,100,N,N
EGHT,,,,,100,N,N
EH,,,,,100,N,N
EHGO,,,,,100,N,N
EHLD,,,,,100,N,N
EHLS,,,,,100,Y,N
EHTH,,,,,,,
EJH,,,,,100,N,N
EKG,,,,,100,Y,N
EKSO,,,,,,,
ELAB,,,,,100,N,N
ELBM,,,,,100,N,N
ELDN,,,,,,,
ELEV,,,,,,,
ELFY,,,,,100,Y,N
ELIL,,,,,100,Y,N
ELIS,,,,,100,Y,N
ELPW,,,,,100,N,N
ELSE,,,,,,,
ELTK,,,,,100,N,N
ELTX,,,,,,,
ELUT,,,,,,,
ELVA,,,,,100,N,N
ELVN,,,,,,,
ELWS,,,,,,,
EM,,,,,100,N,N
EMB,,,,,100,Y,N
EMBC,,,,,100,N,N
EMCB,,,,,100,Y,N
EMCG,,,,,100,N,N
EMCGR,,,,,100,N,N
EMCGU,,,,,100,N,N
EMCGW,,,,,100,N,N
EMEQ,,,,,100,Y,N
EMIF,,,,,100,Y,N
EML,,,,,100,N,N
EMXC,,,,,100,Y,N
EMXF,,,,,100,Y,N
ENDW,,,,,100,Y,N
ENGN,,,,,100,N,N
ENGNW,,,,,100,N,N
ENGS,,,,,100,N,N
ENLT,,,,,100,N,N
ENLV,,,,,100,N,N
ENPH,,,,,,,
ENSC,,,,,,,
ENSG,,,,,,,
ENTA,,,,,,,
ENTG,,,,,,,
ENTO,,,,,100,N,N
ENTX,,,,,100,N,N
ENVB,,,,,,,
ENVX,,,,,100,N,N
ENZL,,,,,100,Y,N
EOLS,,,,,,,
EOSE,,,,,,,
EOSEW,,,,,,,
EPIX,,,,,100,N,N
EPOW,,,,,,,
EPRX,,,,,100,N,N
EPSM,,,,,100,N,N
EPSN,,,,,100,N,N
EPWK,,,,,100,N,N
EQ,,,,,,,
EQIX,,,,,,,
EQRR,,,,,100,Y,N
ERAS,,,,,,,
ERET,,,,,100,Y,N
ERIC,,,,,100,N,N
ERIE,,,,,100,N,N
ERII,,,,,,,
ERNA,,,,,100,N,N
ERNZ,,,,,100,Y,N
ESCA,,,,,,,
ESEA,,,,,100,N,N
ESGD,,,,,100,Y,N
ESGE,,,,,100,Y,N
ESGL,,,,,100,N,N
ESGLW,,,,,100,N,N
ESGR,,,,,100,N,N
ESGRO,,,,,,,
ESGRP,,,,,100,N,N
ESGU,,,,,100,Y,N
ESHA,,,,,100,N,N
ESHAR,,,,,100,N,N
ESLA,,,,,,,
ESLAW,,,,,,,
ESLT,,,,,100,N,N
ESMV,,,,,100,Y,N
ESN,,,,,100,Y,N
ESOA,,,,,100,N,N
ESPO,,,,,100,Y,N
ESPR,,,,,,,
ESQ,,,,,,,
ESSA,,,,,,,
ESTA,,,,,100,N,N
ETEC,,,,,100,Y,N
ETHA,,,,,100,N,N
ETNB,,,,,,,
ETON,,,,,,,
ETOR,,,,,100,N,N
ETSY,,,,,,,
EU,,,,,100,N,N
EUDA,,,,,100,N,N
EUDAW,,,,,100,N,N
EUFN,,,,,100,Y,N
EURK,,,,,100,N,N
EURKR,,,,,100,N,N
EURKU,,,,,100,N,N
EVAX,,,,,100,N,N
EVCM,,,,,100,N,N
EVER,,,,,,,
EVGN,,,,,100,N,N
EVGO,,,,,100,N,N
EVGOW,,,,,,,
EVLV,,,,,,,
EVLVW,,,,,,,
EVMT,,,,,100,Y,N
EVO,,,,,100,N,N
EVOK,,,,,,,
EVRG,,,,,,,
EVSD,,,,,100,Y,N
EVTV,,,,,,,
EVYM,,,,,100,Y,N
EWBC,,,,,,,
EWCZ,,,,,,,
EWJV,,,,,100,Y,N
EWTX,,,,,,,
EWZS,,,,,100,Y,N
EXAS,,,,,100,N,N
EXC,,,,,100,N,N
EXE,,,,,100,N,N
EXEEL,,,,,100,N,N
EXEEW,,,,,100,N,N
EXEEZ,,,,,100,N,N
EXEL,,,,,,,
EXFY,,,,,,,
EXLS,,,,,,,
EXOZ,,,,,100,N,N
EXPE,,,,,,,
EXPI,,,,,,,
EXPO,,,,,,,
EXTR,,,,,,,
EYE,,,,,,,
EYEG,,,,,100,Y,N
EYEN,,,,,,,
EYPT,,,,,,,
EZGO,,,,,100,N,N
EZPW,,,,,,,
FA,,,,,100,N,N
FAAR,,,,,100,Y,N
FAAS,,,,,100,N,N
FAASW,,,,,100,N,N
FAB,,,,,100,Y,N
FACT,,,,,100,N,N
FACTU,,,,,100,N,N
FACTW,,,,,100,N,N
FAD,,,,,100,Y,N
FALN,,,,,100,Y,N
FAMI,,,,,,,
FANG,,,,,,,
FARM,,,,,100,N,N
FARO,,,,,,,
FAST,,,,,100,N,N
FAT,,,,,100,N,N
FATBB,,,,,100,N,N
FATBP,,,,,100,N,N
FATBW,,,,,100,N,N
FATE,,,,,,,
FATN,,,,,,,
FBGL,,,,,100,N,N
FBIO,,,,,,,
FBIOP,,,,,,,
FBIZ,,,,,,,
FBL,,,,,100,Y,N
FBLA,,,,,,,
FBLG,,,,,,,
FBNC,,,,,100,N,N
FBOT,,,,,100,Y,N
FBRX,,,,,,,
FBYD,,,,,,,
FBYDW,,,,,,,
FBZ,,,,,100,Y,N
FCA,,,,,100,Y,N
FCAL,,,,,100,Y,N
FCAP,,,,,,,
FCBC,,,,,,,
FCCO,,,,,100,N,N
FCEF,,,,,100,Y,N
FCEL,,,,,,,
FCFS,,,,,,,
FCNCA,,,,,,,
FCNCO,,,,,,,
FCNCP,,,,,,,
FCTE,,,,,100,Y,N
FCUV,,,,,100,N,N
FCVT,,,,,100,Y,N
FDBC,,,,,,,
FDCF,,,,,100,Y,N
FDFF,,,,,100,Y,N
FDIF,,,,,100,Y,N
FDIG,,,,,100,Y,N
FDIV,,,,,100,Y,N
FDMT,,,,,,,
FDNI,,,,,100,Y,N
FDSB,,,,,,,
FDT,,,,,100,Y,N
FDTS,,,,,100,Y,N
FDTX,,,,,100,Y,N
FDUS,,,,,100,N,N
FEAM,,,,,,,
FEAT,,,,,100,Y,N
FEBO,,,,,100,N,N
FEIM,,,,,,,
FELE,,,,,,,
FEM,,,,,100,Y,N
FEMB,,,,,100,Y,N
FEMS,,,,,100,Y,N
FEMY,,,,,100,N,N
FENC,,,,,100,N,N
FEP,,,,,100,Y,N
FEPI,,,,,100,Y,N
FER,,,,,100,N,N
FERA,,,,,100,N,N
FERAR,,,,,100,N,N
FERAU,,,,,100,N,N
FEUZ,,,,,100,Y,N
FEX,,,,,100,Y,N
FFAI,,,,,100,N,N
FFAIW,,,,,100,N,N
FFBC,,,,,100,N,N
FFIC,,,,,100,N,N
FFIN,,,,,,,
FFIV,,,,,,,
FGBI,,,,,,,
FGBIP,,,,,,,
FGEN,,,,,,,
FGF,,,,,100,N,N
FGFPP,,,,,100,N,N
FGI,,,,,100,N,N
FGIWW,,,,,100,N,N
FGL,,,,,100,N,N
FGM,,,,,100,Y,N
FGMC,,,,,100,N,N
FGMCR,,,,,100,N,N
FGMCU,,,,,100,N,N
FHB,,,,,,,
FHTX,,,,,100,N,N
FIBK,,,,,,,
FICS,,,,,100,Y,N
FID,,,,,100,Y,N
FINE,,,,,100,Y,N
FINW,,,,,100,N,N
FINX,,,,,100,Y,N
FIP,,,,,100,N,N
FISI,,,,,,,
FITB,,,,,100,N,N
FITBI,,,,,100,N,N
FITBO,,,,,,,
FITBP,,,,,,,
FIVE,,,,,,,
FIVN,,,,,,,
FIVY,,,,,100,Y,N
FIXD,,,,,100,Y,N
FIZZ,,,,,100,N,N
FJP,,,,,100,Y,N
FKU,,,,,100,Y,N
FKWL,,,,,100,N,N
FLD,,,,,,,
FLDB,,,,,100,Y,N
FLDDW,,,,,,,
FLEX,,,,,100,N,N
FLGC,,,,,100,N,N
FLGT,,,,,,,
FLIC,,,,,100,N,N
FLL,,,,,,,
FLN,,,,,100,Y,N
FLNC,,,,,,,
FLNT,,,,,,,
FLUX,,,,,,,
FLWS,,,,,,,
FLX,,,,,100,N,N
FLXS,,,,,,,
FLYE,,,,,,,
FLYW,,,,,100,N,N
FMAO,,,,,,,
FMB,,,,,100,Y,N
FMBH,,,,,,,
FMED,,,,,100,Y,N
FMET,,,,,100,Y,N
FMHI,,,,,100,Y,N
FMNB,,,,,100,N,N
FMST,,,,,100,N,N
FMSTW,,,,,100,N,N
FMTM,,,,,100,Y,N
FMTO,,,,,100,N,N
FMUB,,,,,100,Y,N
FMUN,,,,,100,Y,N
FNGR,,,,,,,
FNK,,,,,100,Y,N
FNKO,,,,,,,
FNLC,,,,,,,
FNWB,,,,,100,N,N
FNWD,,,,,100,N,N
FNX,,,,,100,Y,N
FNY,,,,,100,Y,N
FOLD,,,,,,,
FONR,,,,,100,N,N
FORA,,,,,100,N,N
FORD,,,,,,,
FORL,,,,,100,N,N
FORLU,,,,,100,N,N
FORLW,,,,,100,N,N
FORM,,,,,,,
FORR,,,,,,,
FORTY,,,,,100,N,N
FOSL,,,,,,,
FOSLL,,,,,,,
FOX,,,,,100,N,N
FOXA,,,,,100,N,N
FOXF,,,,,100,N,N
FOXX,,,,,100,N,N
FOXXW,,,,,100,N,N
FPA,,,,,100,Y,N
FPAY,,,,,,,
FPXE,,,,,100,Y,N
FPXI,,,,,100,Y,N
FRAF,,,,,100,N,N
FRBA,,,,,100,N,N
FRD,,,,,100,N,N
FRGT,,,,,,,
FRHC,,,,,100,N,N
FRME,,,,,100,N,N
FRMEP,,,,,,,
FROG,,,,,100,N,N
FRPH,,,,,,,
FRPT,,,,,,,
FRSH,,,,,100,N,N
FRST,,,,,100,N,N
FRSX,,,,,100,N,N
FSBC,,,,,100,N,N
FSBW,,,,,,,
FSCS,,,,,100,Y,N
FSEA,,,,,,,
FSFG,,,,,,,
FSGS,,,,,100,Y,N
FSHP,,,,,100,N,N
FSHPR,,,,,100,N,N
FSHPU,,,,,100,N,N
FSLR,,,,,,,
FSTR,,,,,100,N,N
FSUN,,,,,100,N,N
FSV,,,,,100,N,N
FSZ,,,,,100,Y,N
FTA,,,,,100,Y,N
FTAG,,,,,100,Y,N
FTAI,,,,,100,N,N
FTAIM,,,,,100,N,N
FTAIN,,,,,100,N,N
FTC,,,,,100,Y,N
FTCI,,,,,,,
FTCS,,,,,100,Y,N
FTDR,,,,,,,
FTDS,,,,,100,Y,N
FTEK,,,,,,,
FTEL,,,,,100,N,N
FTFT,,,,,100,N,N
FTGC,,,,,100,Y,N
FTGS,,,,,100,Y,N
FTHI,,,,,100,Y,N
FTHM,,,,,100,N,N
FTLF,,,,,,,
FTNT,,,,,,,
FTQI,,,,,100,Y,N
FTRE,,,,,100,N,N
FTRI,,,,,100,Y,N
FTRK,,,,,100,N,N
FTSL,,,,,100,Y,N
FTSM,,,,,100,Y,N
FTXG,,,,,100,Y,N
FTXH,,,,,100,Y,N
FTXL,,,,,100,Y,N
FTXN,,,,,100,Y,N
FTXO,,,,,100,Y,N
FTXR,,,,,100,Y,N
FUFU,,,,,100,N,N
FUFUW,,,,,100,N,N
FULC,,,,,,,
FULT,,,,,100,N,N
FULTP,,,,,,,
FUNC,,,,,100,N,N
FUND,,,,,,,
FUSB,,,,,,,
FUTU,,,,,100,N,N
FV,,,,,100,Y,N
FVC,,,,,100,Y,N
FVCB,,,,,,,
FVN,,,,,100,N,N
FVNNR,,,,,100,N,N
FVNNU,,,,,100,N,N
FWONA,,,,,100,N,N
FWONK,,,,,100,N,N
FWRD,,,,,100,N,N
FWRG,,,,,,,
FXNC,,,,,100,N,N
FYBR,,,,,,,
FYC,,,,,100,Y,N
FYT,,,,,100,Y,N
FYX,,,,,100,Y,N
GABC,,,,,,,
GAIA,,,,,,,
GAIN,,,,,100,N,N
GAINI,,,,,100,N,N
GAINL,,,,,100,N,N
GAINN,,,,,100,N,N
GAINZ,,,,,100,N,N
GALT,,,,,100,N,N
GAMB,,,,,100,N,N
GAME,,,,,,,
GANX,,,,,,,
GASS,,,,,,,
GAUZ,,,,,100,N,N
GBDC,,,,,,,
GBFH,,,,,100,N,N
GBIO,,,,,100,N,N
GBUG,,,,,100,Y,N
GCBC,,,,,,,
GCL,,,,,100,N,N
GCLWW,,,,,100,N,N
GCMG,,,,,100,N,N
GCMGW,,,,,100,N,N
GCT,,,,,100,N,N
GCTK,,,,,,,
GDC,,,,,100,N,N
GDEN,,,,,,,
GDEV,,,,,100,N,N
GDEVW,,,,,100,N,N
GDHG,,,,,100,N,N
GDRX,,,,,,,
GDS,,,,,100,N,N
GDTC,,,,,100,N,N
GDYN,,,,,,,
GECC,,,,,100,N,N
GECCH,,,,,100,N,N
GECCI,,,,,100,N,N
GECCO,,,,,100,N,N
GECCZ,,,,,100,N,N
GEG,,,,,,,
GEGGL,,,,,,,
GEHC,,,,,100,N,N
GELS,,,,,100,N,N
GEME,,,,,100,Y,N
GEN,,,,,100,N,N
GENK,,,,,,,
GENVR,,,,,100,N,N
GEOS,,,,,100,N,N
GERN,,,,,100,N,N
GEVO,,,,,,,
GFAI,,,,,,,
GFAIW,,,,,,,
GFGF,,,,,100,Y,N
GFLW,,,,,100,Y,N
GFS,,,,,100,N,N
GGAL,,,,,,,
GGLL,,,,,100,Y,N
GGLS,,,,,100,Y,N
GGR,,,,,100,N,N
GGROW,,,,,100,N,N
GH,,,,,,,
GHRS,,,,,100,N,N
GIBO,,,,,100,N,N
GIBOW,,,,,100,N,N
GIFI,,,,,,,
GIFT,,,,,,,
GIG,,,,,100,N,N
GIGGU,,,,,100,N,N
GIGGW,,,,,100,N,N
GIGM,,,,,100,N,N
GIII,,,,,,,
GILD,,,,,,,
GILT,,,,,100,N,N
GIND,,,,,100,Y,N
GINX,,,,,100,Y,N
GIPR,,,,,100,N,N
GIPRW,,,,,100,N,N
GITS,,,,,,,
GLAD,,,,,100,N,N
GLADZ,,,,,100,N,N
GLBE,,,,,100,N,N
GLBS,,,,,100,N,N
GLBZ,,,,,100,N,N
GLCR,,,,,100,Y,N
GLDD,,,,,100,N,N
GLDI,,,,,,,
GLDY,,,,,100,Y,N
GLE,,,,,100,N,N
GLMD,,,,,100,N,N
GLNG,,,,,100,N,N
GLOW,,,,,100,Y,N
GLPG,,,,,100,N,N
GLPI,,,,,,,
GLRE,,,,,,,
GLSI,,,,,,,
GLTO,,,,,,,
GLUE,,,,,,,
GLXG,,,,,100,N,N
GLXY,,,,,100,N,N
GLYC,,,,,,,
GMAB,,,,,100,N,N
GMGI,,,,,,,
GMHS,,,,,100,N,N
GMM,,,,,100,N,N
GNFT,,,,,100,N,N
GNLN,,,,,,,
GNLX,,,,,100,N,N
GNMA,,,,,100,Y,N
GNOM,,,,,100,Y,N
GNPX,,,,,,,
GNSS,,,,,100,N,N
GNTA,,,,,100,N,N
GNTX,,,,,100,N,N
GO,,,,,100,N,N
GOCO,,,,,,,
GOGL,,,,,100,N,N
GOGO,,,,,100,N,N
GOOD,,,,,100,N,N
GOODN,,,,,100,N,N
GOODO,,,,,,,
GOOG,,,,,100,N,N
GOOGL,,,,,100,N,N
GORV,,,,,,,
GOSS,,,,,,,
GOVI,,,,,100,Y,N
GOVX,,,,,,,
GOVXW,,,,,,,
GP,,,,,100,N,N
GPAT,,,,,100,N,N
GPATU,,,,,100,N,N
GPATW,,,,,100,N,N
GPCR,,,,,100,N,N
GPIQ,,,,,100,Y,N
GPIX,,,,,100,Y,N
GPRE,,,,,,,
GPRF,,,,,100,Y,N
GPRO,,,,,,,
GQQQ,,,,,100,Y,N
GRAB,,,,,100,N,N
GRABW,,,,,100,N,N
GRAL,,,,,,,
GRCE,,,,,,,
GREE,,,,,100,N,N
GREEL,,,,,100,N,N
GRFS,,,,,,,
GRI,,,,,,,
GRID,,,,,100,Y,N
GRNQ,,,,,100,N,N
GROW,,,,,,,
GRPN,,,,,,,
GRRR,,,,,100,N,N
GRRRW,,,,,100,N,N
GRVY,,,,,,,
GRWG,,,,,100,N,N
GRYP,,,,,,,
GSAT,,,,,,,
GSBC,,,,,,,
GSHD,,,,,,,
GSHR,,,,,100,N,N
GSHRU,,,,,100,N,N
GSHRW,,,,,100,N,N
GSIB,,,,,100,Y,N
GSIT,,,,,,,
GSIW,,,,,100,N,N
GSM,,,,,100,N,N
GSRT,,,,,100,N,N
GSRTR,,,,,100,N,N
GSRTU,,,,,100,N,N
GSUN,,,,,100,N,N
GT,,,,,100,N,N
GTBP,,,,,,,
GTEC,,,,,100,N,N
GTENU,,,,,,,
GTI,,,,,100,N,N
GTIM,,,,,100,N,N
GTLB,,,,,100,N,N
GTM,,,,,100,N,N
GTR,,,,,100,Y,N
GTX,,,,,100,N,N
GURE,,,,,,,
GUTS,,,,,,,
GV,,,,,100,N,N
GVH,,,,,100,N,N
GWAV,,,,,,,
GWRS,,,,,,,
GXAI,,,,,100,N,N
GXDW,,,,,100,Y,N
GYRE,,,,,,,
GYRO,,,,,,,
HAFC,,,,,100,N,N
HAIN,,,,,,,
HALO,,,,,,,
HAO,,,,,100,N,N
HAS,,,,,,,
HBAN,,,,,100,N,N
HBANL,,,,,,,
HBANM,,,,,100,N,N
HBANP,,,,,100,N,N
HBCP,,,,,,,
HBIO,,,,,,,
HBNC,,,,,,,
HBT,,,,,,,
HCAI,,,,,,,
HCAT,,,,,,,
HCKT,,,,,,,
HCM,,,,,100,N,N
HCOW,,,,,100,Y,N
HCSG,,,,,,,
HCTI,,,,,,,
HCWB,,,,,100,N,N
HDL,,,,,100,N,N
HDSN,,,,,,,
HEAL,,,,,100,Y,N
HECO,,,,,100,Y,N
HEES,,,,,,,
HEJD,,,,,100,Y,N
HELE,,,,,100,N,N
HEPS,,,,,100,N,N
HEQQ,,,,,100,Y,N
HERD,,,,,100,Y,N
HERO,,,,,100,Y,N
HFBL,,,,,,,
HFFG,,,,,100,N,N
HFSP,,,,,100,Y,N
HFWA,,,,,100,N,N
HGBL,,,,,100,N,N
HHS,,,,,,,
HIDE,,,,,100,Y,N
HIFS,,,,,100,N,N
HIHO,,,,,100,N,N
HIMX,,,,,,,
HIMZ,,,,,100,Y,N
HISF,,,,,100,Y,N
HIT,,,,,,,
HITI,,,,,100,N,N
HIVE,,,,,100,N,N
HKIT,,,,,100,N,N
HKPD,,,,,100,N,N
HLAL,,,,,100,Y,N
HLIT,,,,,100,N,N
HLMN,,,,,100,N,N
HLNE,,,,,100,N,N
HLP,,,,,100,N,N
HLVX,,,,,,,
HLXB,,,,,100,N,N
HMR,,,,,100,N,N
HMST,,,,,,,
HNDL,,,,,100,Y,N
HNNA,,,,,,,
HNNAZ,,,,,,,
HNRG,,,,,100,N,N
HNST,,,,,,,
HNVR,,,,,,,
HOFT,,,,,100,N,N
HOFV,,,,,100,N,N
HOFVW,,,,,100,N,N
HOLO,,,,,100,N,N
HOLOW,,,,,100,N,N
HOLX,,,,,,,
HON,,,,,100,N,N
HOND,,,,,100,N,N
HONDU,,,,,100,N,N
HONDW,,,,,100,N,N
HONE,,,,,,,
HOOD,,,,,,,
HOOG,,,,,100,Y,N
HOOK,,,,,100,N,N
HOOX,,,,,100,Y,N
HOPE,,,,,,,
HOTH,,,,,,,
HOUR,,,,,,,
HOVNP,,,,,100,N,N
HOVR,,,,,100,N,N
HOVRW,,,,,100,N,N
HOWL,,,,,,,
HPAI,,,,,100,N,N
HPAIW,,,,,100,N,N
HPK,,,,,,,
HPKEW,,,,,,,
HQGO,,,,,100,Y,N
HQI,,,,,,,
HQY,,,,,,,
HRMY,,,,,,,
HROW,,,,,,,
HROWL,,,,,,,
HROWM,,,,,,,
HRTS,,,,,,,
HRTX,,,,,,,
HRZN,,,,,100,N,N
HSAI,,,,,,,
HSCS,,,,,100,N,N
HSCSW,,,,,100,N,N
HSDT,,,,,,,
HSIC,,,,,,,
HSII,,,,,,,
HSON,,,,,,,
HSPO,,,,,100,N,N
HSPOR,,,,,100,N,N
HSPOU,,,,,100,N,N
HSPOW,,,,,100,N,N
HSPT,,,,,100,N,N
HSPTR,,,,,100,N,N
HSPTU,,,,,100,N,N
HST,,,,,,,
HSTM,,,,,,,
HTBK,,,,,100,N,N
HTCO,,,,,100,N,N
HTCR,,,,,,,
HTHT,,,,,100,N,N
HTLD,,,,,,,
HTLM,,,,,100,N,N
HTO,,,,,100,N,N
HTOO,,,,,100,N,N
HTOOW,,,,,100,N,N
HTZ,,,,,,,
HTZWW,,,,,,,
HUBC,,,,,100,N,N
HUBCW,,,,,100,N,N
HUBCZ,,,,,100,N,N
HUBG,,,,,,,
HUDI,,,,,,,
HUHU,,,,,100,N,N
HUIZ,,,,,100,N,N
HUMA,,,,,,,
HUMAW,,,,,,,
HURA,,,,,,,
HURC,,,,,,,
HURN,,,,,100,N,N
HUT,,,,,100,N,N
HVII,,,,,100,N,N
HVIIR,,,,,100,N,N
HVIIU,,,,,100,N,N
HWAY,,,,,100,Y,N
HWBK,,,,,,,
HWC,,,,,100,N,N
HWCPZ,,,,,100,N,N
HWH,,,,,100,N,N
HWKN,,,,,,,
HWSM,,,,,100,Y,N
HXHX,,,,,100,N,N
HYBI,,,,,100,Y,N
HYDR,,,,,100,Y,N
HYFM,,,,,,,
HYLS,,,,,100,Y,N
HYMC,,,,,100,N,N
HYMCL,,,,,100,N,N
HYPR,,,,,,,
HYXF,,,,,100,Y,N
HYZD,,,,,100,Y,N
IAC,,,,,100,N,N
IART,,,,,100,N,N
IAS,,,,,100,N,N
IBAC,,,,,100,N,N
IBACR,,,,,100,N,N
IBAT,,,,,100,Y,N
IBB,,,,,100,Y,N
IBBQ,,,,,100,Y,N
IBCP,,,,,100,N,N
IBEX,,,,,100,N,N
IBG,,,,,100,N,N
IBGA,,,,,100,Y,N
IBGB,,,,,100,Y,N
IBGK,,,,,100,Y,N
IBGL,,,,,100,Y,N
IBIO,,,,,,,
IBIT,,,,,100,Y,N
IBKR,,,,,,,
IBOC,,,,,100,N,N
IBOT,,,,,100,Y,N
IBRX,,,,,,,
IBTF,,,,,100,Y,N
IBTG,,,,,100,Y,N
IBTH,,,,,100,Y,N
IBTI,,,,,100,Y,N
IBTJ,,,,,100,Y,N
IBTK,,,,,100,Y,N
IBTL,,,,,100,Y,N
IBTM,,,,,100,Y,N
IBTO,,,,,100,Y,N
IBTP,,,,,100,Y,N
IBTQ,,,,,100,Y,N
ICAD,,,,,100,N,N
ICCC,,,,,100,N,N
ICCM,,,,,100,N,N
ICFI,,,,,,,
ICG,,,,,100,N,N
ICHR,,,,,100,N,N
ICLN,,,,,100,Y,N
ICLR,,,,,100,N,N
ICMB,,,,,,,
ICON,,,,,100,N,N
ICOP,,,,,100,Y,N
ICU,,,,,100,N,N
ICUCW,,,,,100,N,N
ICUI,,,,,,,
IDAI,,,,,100,N,N
IDCC,,,,,,,
IDEF,,,,,100,Y,N
IDN,,,,,,,
IDXX,,,,,,,
IDYA,,,,,,,
IEF,,,,,100,Y,N
IEI,,,,,100,Y,N
IEP,,,,,100,N,N
IESC,,,,,,,
IEUS,,,,,100,Y,N
IFBD,,,,,,,
IFGL,,,,,100,Y,N
IFRX,,,,,100,N,N
IFV,,,,,100,Y,N
IGF,,,,,100,Y,N
IGIB,,,,,100,Y,N
IGIC,,,,,100,N,N
IGMS,,,,,,,
IGOV,,,,,100,Y,N
IGSB,,,,,100,Y,N
IHRT,,,,,,,
IHYF,,,,,100,Y,N
III,,,,,,,
IIIV,,,,,,,
IINN,,,,,100,N,N
IINNW,,,,,100,N,N
IJT,,,,,100,Y,N
IKNA,,,,,,,
IKT,,,,,,,
ILAG,,,,,100,N,N
ILIT,,,,,100,Y,N
ILLR,,,,,100,N,N
ILLRW,,,,,100,N,N
ILMN,,,,,,,
ILPT,,,,,100,N,N
IMAB,,,,,100,N,N
IMCC,,,,,100,N,N
IMCR,,,,,100,N,N
IMCV,,,,,100,Y,N
IMG,,,,,100,N,N
IMKTA,,,,,,,
IMMP,,,,,100,N,N
IMMR,,,,,100,N,N
IMMX,,,,,,,
IMNM,,,,,,,
IMNN,,,,,,,
IMOM,,,,,100,Y,N
IMOS,,,,,100,N,N
IMPP,,,,,100,N,N
IMPPP,,,,,100,N,N
IMRN,,,,,100,N,N
IMRX,,,,,100,N,N
IMTE,,,,,100,N,N
IMTX,,,,,100,N,N
IMTXW,,,,,100,N,N
IMUX,,,,,,,
IMVT,,,,,,,
IMXI,,,,,,,
INAB,,,,,,,
INBK,,,,,100,N,N
INBKZ,,,,,100,N,N
INBS,,,,,100,N,N
INBX,,,,,,,
INCR,,,,,100,N,N
INCY,,,,,100,N,N
INDB,,,,,100,N,N
INDH,,,,,100,Y,N
INDI,,,,,,,
INDP,,,,,,,
INDV,,,,,100,N,N
INDY,,,,,100,Y,N
INEO,,,,,100,N,N
INFR,,,,,100,Y,N
INGN,,,,,,,
INHD,,,,,100,N,N
INKT,,,,,,,
INLF,,,,,100,N,N
INM,,,,,100,N,N
INMB,,,,,100,N,N
INMD,,,,,100,N,N
INNV,,,,,100,N,N
INO,,,,,,,
INOD,,,,,100,N,N
INRO,,,,,100,Y,N
INSE,,,,,,,
INSG,,,,,100,N,N
INSM,,,,,100,N,N
INTA,,,,,,,
INTC,,,,,100,N,N
INTG,,,,,100,N,N
INTJ,,,,,100,N,N
INTR,,,,,100,N,N
INTS,,,,,,,
INTU,,,,,100,N,N
INTW,,,,,100,Y,N
INTZ,,,,,100,N,N
INV,,,,,,,
INVA,,,,,,,
INVE,,,,,,,
INVZ,,,,,100,N,N
INVZW,,,,,100,N,N
INZY,,,,,,,
IOBT,,,,,,,
IONL,,,,,100,Y,N
IONR,,,,,100,N,N
IONS,,,,,,,
IONX,,,,,100,Y,N
IOSP,,,,,100,N,N
IOTR,,,,,100,N,N
IOVA,,,,,,,
IPA,,,,,100,N,N
IPAR,,,,,,,
IPCXU,,,,,100,N,N
IPDN,,,,,,,
IPGP,,,,,100,N,N
IPHA,,,,,100,N,N
IPKW,,,,,100,Y,N
IPM,,,,,100,N,N
IPODU,,,,,100,N,N
IPSC,,,,,,,
IPW,,,,,100,N,N
IPWR,,,,,100,N,N
IPX,,,,,100,N,N
IQ,,,,,,,
IQQQ,,,,,100,Y,N
IQST,,,,,100,N,N
IRBT,,,,,100,N,N
IRD,,,,,,,
IRDM,,,,,100,N,N
IREN,,,,,100,N,N
IRIX,,,,,100,N,N
IRMD,,,,,100,N,N
IROH,,,,,100,N,N
IROHR,,,,,100,N,N
IROHU,,,,,100,N,N
IROHW,,,,,100,N,N
IRON,,,,,,,
IROQ,,,,,,,
IRTC,,,,,,,
IRWD,,,,,,,
ISBA,,,,,100,N,N
ISHG,,,,,100,Y,N
ISHP,,,,,100,Y,N
ISPC,,,,,100,N,N
ISPO,,,,,100,N,N
ISPOW,,,,,100,N,N
ISPR,,,,,100,N,N
ISRG,,,,,,,
ISRL,,,,,100,N,N
ISRLU,,,,,100,N,N
ISRLW,,,,,100,N,N
ISSC,,,,,,,
ISTB,,,,,100,Y,N
ISTR,,,,,100,N,N
ITIC,,,,,100,N,N
ITOS,,,,,,,
ITRI,,,,,,,
ITRM,,,,,100,N,N
ITRN,,,,,100,N,N
IUS,,,,,100,Y,N
IUSB,,,,,100,Y,N
IUSG,,,,,100,Y,N
IUSV,,,,,100,Y,N
IVA,,,,,100,N,N
IVAL,,,,,100,Y,N
IVDA,,,,,,,
IVDAW,,,,,,,
IVEG,,,,,100,Y,N
IVF,,,,,,,
IVP,,,,,,,
IVVD,,,,,,,
IWTR,,,,,100,Y,N
IXHL,,,,,100,N,N
IXUS,,,,,100,Y,N
IZEA,,,,,,,
IZM,,,,,100,N,N
JACK,,,,,100,N,N
JAGX,,,,,,,
JAKK,,,,,,,
JAMF,,,,,100,N,N
JANX,,,,,,,
JAPN,,,,,100,Y,N
JAZZ,,,,,100,N,N
JBDI,,,,,100,N,N
JBHT,,,,,,,
JBIO,,,,,,,
JBLU,,,,,100,N,N
JBSS,,,,,,,
JCSE,,,,,100,N,N
JCTC,,,,,100,N,N
JD,,,,,,,
JDOC,,,,,100,Y,N
JDZG,,,,,100,N,N
JEPQ,,,,,100,Y,N
JFB,,,,,100,N,N
JFBR,,,,,100,N,N
JFBRW,,,,,100,N,N
JFIN,,,,,100,N,N
JFU,,,,,100,N,N
JG,,,,,100,N,N
JGLO,,,,,100,Y,N
JIVE,,,,,100,Y,N
JJSF,,,,,100,N,N
JKHY,,,,,,,
JL,,,,,100,N,N
JMID,,,,,100,Y,N
JMSB,,,,,,,
JOUT,,,,,100,N,N
JOYY,,,,,100,N,N
JPEF,,,,,100,Y,N
JPY,,,,,100,Y,N
JRSH,,,,,,,
JRVR,,,,,,,
JSM,,,,,,,
JSMD,,,,,100,Y,N
JSML,,,,,100,Y,N
JSPR,,,,,,,
JSPRW,,,,,,,
JTAI,,,,,100,N,N
JTEK,,,,,100,Y,N
JUNE,,,,,100,N,N
JUNS,,,,,,,
JVA,,,,,,,
JVSA,,,,,100,N,N
JVSAR,,,,,100,N,N
JVSAU,,,,,100,N,N
JWEL,,,,,100,N,N
JXG,,,,,100,N,N
JYD,,,,,100,N,N
JYNT,,,,,100,N,N
JZ,,,,,100,N,N
JZXN,,,,,,,
KALA,,,,,,,
KALU,,,,,100,N,N
KALV,,,,,,,
KARO,,,,,100,N,N
KAVL,,,,,,,
KBAB,,,,,100,Y,N
KBSX,,,,,100,N,N
KBWB,,,,,100,Y,N
KBWD,,,,,100,Y,N
KBWP,,,,,100,Y,N
KBWR,,,,,100,Y,N
KBWY,,,,,100,Y,N
KC,,,,,100,N,N
KCHVU,,,,,100,N,N
KDP,,,,,100,N,N
KE,,,,,,,
KEAT,,,,,100,Y,N
KELYA,,,,,,,
KELYB,,,,,,,
KEQU,,,,,100,N,N
KFFB,,,,,100,N,N
KFII,,,,,100,N,N
KFIIR,,,,,100,N,N
KFIIU,,,,,100,N,N
KG,,,,,,,
KGEI,,,,,100,N,N
KHC,,,,,100,N,N
KIDS,,,,,100,N,N
KIDZ,,,,,,,
KIDZW,,,,,,,
KINS,,,,,,,
KIRK,,,,,,,
KITT,,,,,,,
KITTW,,,,,,,
KLAC,,,,,100,N,N
KLIC,,,,,,,
KLRS,,,,,,,
KLTO,,,,,,,
KLTOW,,,,,,,
KLTR,,,,,,,
KLXE,,,,,,,
KMB,,,,,100,N,N
KMDA,,,,,100,N,N
KMTS,,,,,,,
KNDI,,,,,,,
KNGZ,,,,,100,Y,N
KNSA,,,,,,,
KOD,,,,,100,N,N
KOPN,,,,,100,N,N
KOSS,,,,,100,N,N
KPDD,,,,,100,Y,N
KPLT,,,,,,,
KPLTW,,,,,,,
KPRX,,,,,,,
KPTI,,,,,100,N,N
KQQQ,,,,,100,Y,N
KRKR,,,,,100,N,N
KRMA,,,,,100,Y,N
KRMD,,,,,,,
KRNT,,,,,100,N,N
KRNY,,,,,100,N,N
KRON,,,,,,,
KROP,,,,,100,Y,N
KROS,,,,,,,
KRRO,,,,,,,
KRT,,,,,100,N,N
KRUS,,,,,,,
KRYS,,,,,,,
KSCP,,,,,,,
KSPI,,,,,100,N,N
KTCC,,,,,100,N,N
KTOS,,,,,,,
KTTA,,,,,100,N,N
KTTAW,,,,,100,N,N
KURA,,,,,,,
KVAC,,,,,100,N,N
KVACU,,,,,100,N,N
KVACW,,,,,100,N,N
KVHI,,,,,,,
KWE,,,,,,,
KWESW,,,,,100,N,N
KWM,,,,,,,
KWMWW,,,,,,,
KXIN,,,,,100,N,N
KYMR,,,,,,,
KYTX,,,,,,,
KZIA,,,,,100,N,N
KZR,,,,,,,
LAB,,,,,100,N,N
LAES,,,,,100,N,N
LAKE,,,,,,,
LAMR,,,,,100,N,N
LANC,,,,,100,N,N
LAND,,,,,100,N,N
LANDM,,,,,100,N,N
LANDO,,,,,100,N,N
LANDP,,,,,100,N,N
LARK,,,,,100,N,N
LASE,,,,,100,N,N
LASR,,,,,,,
LAUR,,,,,,,
LAYS,,,,,100,Y,N
LAZR,,,,,,,
LBGJ,,,,,100,N,N
LBRDA,,,,,100,N,N
LBRDK,,,,,100,N,N
LBRDP,,,,,100,N,N
LBTYA,,,,,100,N,N
LBTYB,,,,,100,N,N
LBTYK,,,,,100,N,N
LCCCU,,,,,100,N,N
LCDL,,,,,100,Y,N
LCDS,,,,,100,Y,N
LCFY,,,,,100,N,N
LCFYW,,,,,100,N,N
LCID,,,,,,,
LCNB,,,,,100,N,N
LCUT,,,,,,,
LDEM,,,,,100,Y,N
LDRX,,,,,100,Y,N
LDSF,,,,,100,Y,N
LDTC,,,,,100,N,N
LDTCW,,,,,100,N,N
LDWY,,,,,,,
LE,,,,,,,
LECO,,,,,,,
LEDS,,,,,100,N,N
LEE,,,,,,,
LEGH,,,,,100,N,N
LEGN,,,,,100,N,N
LEGR,,,,,100,Y,N
LENZ,,,,,,,
LESL,,,,,,,
LEXI,,,,,100,Y,N
LEXX,,,,,100,N,N
LEXXW,,,,,100,N,N
LFCR,,,,,,,
LFMD,,,,,,,
LFMDP,,,,,,,
LFSC,,,,,100,Y,N
LFST,,,,,,,
LFUS,,,,,,,
LFVN,,,,,100,N,N
LFWD,,,,,100,N,N
LGCB,,,,,100,N,N
LGCF,,,,,100,Y,N
LGCL,,,,,100,N,N
LGHL,,,,,100,N,N
LGHLW,,,,,100,N,N
LGIH,,,,,,,
LGMK,,,,,,,
LGND,,,,,100,N,N
LGO,,,,,100,N,N
LGRO,,,,,100,Y,N
LGVN,,,,,100,N,N
LHSW,,,,,100,N,N
LI,,,,,100,N,N
LICN,,,,,100,N,N
LIDR,,,,,,,
LIDRW,,,,,,,
LIEN,,,,,,,
LIF,,,,,,,
LILA,,,,,100,N,N
LILAK,,,,,100,N,N
LIMN,,,,,,,
LIMNW,,,,,,,
LIN,,,,,100,N,N
LINC,,,,,100,N,N
LIND,,,,,100,N,N
LINE,,,,,,,
LINK,,,,,,,
LIPO,,,,,100,N,N
LIQT,,,,,,,
LITE,,,,,100,N,N
LITM,,,,,100,N,N
LITP,,,,,100,Y,N
LIVE,,,,,100,N,N
LIVN,,,,,100,N,N
LIVR,,,,,100,Y,N
LIXT,,,,,,,
LIXTW,,,,,,,
LKFN,,,,,100,N,N
LKQ,,,,,100,N,N
LLYVA,,,,,100,N,N
LLYVK,,,,,100,N,N
LMAT,,,,,,,
LMB,,,,,,,
LMBS,,,,,100,Y,N
LMFA,,,,,,,
LMNR,,,,,100,N,N
LNKB,,,,,,,
LNKS,,,,,100,N,N
LNSR,,,,,,,
LNT,,,,,100,N,N
LNTH,,,,,,,
LNW,,,,,,,
LNZA,,,,,,,
LNZAW,,,,,,,
LOAN,,,,,,,
LOBO,,,,,100,N,N
LOCO,,,,,,,
LOGC,,,,,100,N,N
LOGI,,,,,100,N,N
LOGO,,,,,100,Y,N
LOKV,,,,,100,N,N
LOKVU,,,,,100,N,N
LOKVW,,,,,100,N,N
LOOP,,,,,,,
LOPE,,,,,,,
LOT,,,,,100,N,N
LOTWW,,,,,100,N,N
LOVE,,,,,100,N,N
LPAA,,,,,100,N,N
LPAAU,,,,,100,N,N
LPAAW,,,,,100,N,N
LPBB,,,,,100,N,N
LPBBU,,,,,100,N,N
LPBBW,,,,,100,N,N
LPCN,,,,,100,N,N
LPLA,,,,,100,N,N
LPRO,,,,,100,N,N
LPSN,,,,,,,
LPTH,,,,,,,
LPTX,,,,,,,
LQDA,,,,,100,N,N
LQDT,,,,,,,
LRCX,,,,,100,N,N
LRE,,,,,,,
LRFC,,,,,100,N,N
LRGE,,,,,100,Y,N
LRHC,,,,,100,N,N
LRMR,,,,,,,
LRND,,,,,100,Y,N
LSAK,,,,,,,
LSB,,,,,,,
LSBK,,,,,,,
LSBPW,,,,,,,
LSCC,,,,,100,N,N
LSE,,,,,,,
LSEA,,,,,100,N,N
LSEAW,,,,,100,N,N
LSH,,,,,100,N,N
LSTA,,,,,,,
LSTR,,,,,,,
LTBR,,,,,100,N,N
LTRN,,,,,100,N,N
LTRX,,,,,,,
LTRY,,,,,,,
LTRYW,,,,,,,
LUCD,,,,,100,N,N
LUCY,,,,,,,
LUCYW,,,,,,,
LULU,,,,,100,N,N
LUNG,,,,,100,N,N
LUNR,,,,,,,
LVHD,,,,,100,Y,N
LVLU,,,,,,,
LVO,,,,,,,
LVRO,,,,,100,N,N
LVROW,,,,,100,N,N
LVTX,,,,,100,N,N
LWAY,,,,,,,
LWLG,,,,,,,
LX,,,,,100,N,N
LXEH,,,,,,,
LXEO,,,,,,,
LXRX,,,,,,,
LYEL,,,,,,,
LYFT,,,,,,,
LYRA,,,,,,,
LYTS,,,,,100,N,N
LZ,,,,,,,
LZMH,,,,,100,N,N
MAAS,,,,,100,N,N
MACI,,,,,100,N,N
MACIU,,,,,100,N,N
MACIW,,,,,100,N,N
MAMA,,,,,,,
MAMO,,,,,100,N,N
MANH,,,,,,,
MAPS,,,,,,,
MAPSW,,,,,,,
MAR,,,,,100,N,N
MARA,,,,,,,
MARPS,,,,,100,N,N
MASI,,,,,100,N,N
MASK,,,,,100,N,N
MASS,,,,,100,N,N
MAT,,,,,,,
MATH,,,,,100,N,N
MATW,,,,,100,N,N
MAXI,,,,,100,Y,N
MAXN,,,,,,,
MAYA,,,,,100,N,N
MAYAR,,,,,100,N,N
MAYAU,,,,,100,N,N
MAYS,,,,,,,
MAZE,,,,,,,
MB,,,,,100,N,N
MBAV,,,,,100,N,N
MBAVU,,,,,100,N,N
MBAVW,,,,,100,N,N
MBB,,,,,100,Y,N
MBBC,,,,,,,
MBCN,,,,,100,N,N
MBIN,,,,,100,N,N
MBINL,,,,,,,
MBINM,,,,,,,
MBINN,,,,,100,N,N
MBIO,,,,,,,
MBLY,,,,,100,N,N
MBNKO,,,,,,,
MBNKP,,,,,,,
MBOT,,,,,100,N,N
MBRX,,,,,,,
MBS,,,,,100,Y,N
MBUU,,,,,,,
MBWM,,,,,100,N,N
MBX,,,,,,,
MCBS,,,,,,,
MCDS,,,,,100,Y,N
MCFT,,,,,,,
MCHI,,,,,100,Y,N
MCHP,,,,,100,N,N
MCHPP,,,,,100,N,N
MCHS,,,,,100,Y,N
MCHX,,,,,,,
MCRB,,,,,,,
MCRI,,,,,,,
MCSE,,,,,100,Y,N
MCTR,,,,,100,N,N
MCVT,,,,,,,
MCW,,,,,,,
MDAI,,,,,,,
MDAIW,,,,,,,
MDB,,,,,,,
MDBH,,,,,,,
MDCX,,,,,100,N,N
MDCXW,,,,,100,N,N
MDGL,,,,,,,
MDIA,,,,,100,N,N
MDIV,,,,,100,Y,N
MDLZ,,,,,,,
MDRR,,,,,,,
MDWD,,,,,100,N,N
MDXG,,,,,,,
MDXH,,,,,100,N,N
MEDP,,,,,,,
MEDX,,,,,100,Y,N
MEGL,,,,,100,N,N
MEIP,,,,,,,
MELI,,,,,,,
MEMS,,,,,100,Y,N
MEOH,,,,,100,N,N
MERC,,,,,100,N,N
MESA,,,,,,,
MESO,,,,,100,N,N
META,,,,,,,
METC,,,,,,,
METCB,,,,,,,
METCL,,,,,,,
METCZ,,,,,,,
METD,,,,,100,Y,N
METU,,,,,100,Y,N
MFH,,,,,100,N,N
MFI,,,,,100,N,N
MFIC,,,,,100,N,N
MFICL,,,,,100,N,N
MFIN,,,,,100,N,N
MFLX,,,,,100,Y,N
MGEE,,,,,100,N,N
MGIC,,,,,100,N,N
MGIH,,,,,100,N,N
MGNI,,,,,,,
MGNX,,,,,,,
MGPI,,,,,,,
MGRC,,,,,100,N,N
MGRM,,,,,100,N,N
MGRX,,,,,,,
MGTX,,,,,100,N,N
MGX,,,,,,,
MGYR,,,,,,,
MHUA,,,,,,,
MIDD,,,,,100,N,N
MIGI,,,,,100,N,N
MILN,,,,,100,Y,N
MIMI,,,,,100,N,N
MIND,,,,,,,
MIRA,,,,,,,
MIRM,,,,,,,
MIST,,,,,100,N,N
MITK,,,,,,,
MKAM,,,,,100,Y,N
MKDW,,,,,100,N,N
MKDWW,,,,,100,N,N
MKSI,,,,,100,N,N
MKTW,,,,,,,
MKTX,,,,,,,
MKZR,,,,,,,
MLAB,,,,,,,
MLAC,,,,,100,N,N
MLACR,,,,,100,N,N
MLACU,,,,,100,N,N
MLCO,,,,,100,N,N
MLEC,,,,,100,N,N
MLECW,,,,,100,N,N
MLGO,,,,,,,
MLKN,,,,,,,
MLTX,,,,,100,N,N
MLYS,,,,,,,
MMLP,,,,,100,N,N
MMSI,,,,,,,
MMYT,,,,,100,N,N
MNDO,,,,,100,N,N
MNDR,,,,,100,N,N
MNDY,,,,,100,N,N
MNKD,,,,,100,N,N
MNMD,,,,,100,N,N
MNOV,,,,,,,
MNPR,,,,,100,N,N
MNRO,,,,,,,
MNSB,,,,,,,
MNSBP,,,,,,,
MNST,,,,,100,N,N
MNTK,,,,,,,
MNTL,,,,,100,Y,N
MNTS,,,,,100,N,N
MNTSW,,,,,100,N,N
MNY,,,,,100,N,N
MNYWW,,,,,100,N,N
MOB,,,,,100,N,N
MOBBW,,,,,100,N,N
MOBX,,,,,,,
MOBXW,,,,,,,
MODD,,,,,,,
MODL,,,,,100,Y,N
MODV,,,,,100,N,N
MOFG,,,,,,,
MOGO,,,,,100,N,N
MOLN,,,,,100,N,N
MOMO,,,,,100,N,N
MOOD,,,,,100,Y,N
MORN,,,,,,,
MOVE,,,,,100,N,N
MPAA,,,,,,,
MPB,,,,,100,N,N
MPWR,,,,,,,
MQ,,,,,,,
MQQQ,,,,,100,Y,N
MRAL,,,,,100,Y,N
MRAM,,,,,,,
MRBK,,,,,100,N,N
MRCC,,,,,100,N,N
MRCY,,,,,100,N,N
MREO,,,,,100,N,N
MRIN,,,,,100,N,N
MRKR,,,,,,,
MRM,,,,,100,N,N
MRNA,,,,,,,
MRNO,,,,,100,N,N
MRNOW,,,,,100,N,N
MRSN,,,,,,,
MRTN,,,,,,,
MRUS,,,,,100,N,N
MRVI,,,,,,,
MRVL,,,,,,,
MRX,,,,,100,N,N
MSAI,,,,,,,
MSAIW,,,,,,,
MSBI,,,,,,,
MSBIP,,,,,,,
MSEX,,,,,100,N,N
MSFD,,,,,100,Y,N
MSFL,,,,,100,Y,N
MSFT,,,,,100,N,N
MSFU,,,,,100,Y,N
MSGM,,,,,100,N,N
MSPR,,,,,,,
MSPRW,,,,,,,
MSPRZ,,,,,,,
MSS,,,,,100,N,N
MST,,,,,100,Y,N
MSTR,,,,,100,N,N
MSTX,,,,,100,Y,N
MSW,,,,,100,N,N
MTC,,,,,,,
MTCH,,,,,,,
MTEK,,,,,100,N,N
MTEKW,,,,,100,N,N
MTEN,,,,,100,N,N
MTEX,,,,,,,
MTLS,,,,,100,N,N
MTRX,,,,,100,N,N
MTSI,,,,,,,
MTSR,,,,,,,
MTVA,,,,,100,N,N
MU,,,,,,,
MUD,,,,,100,Y,N
MULL,,,,,100,Y,N
MULN,,,,,,,
MURA,,,,,100,N,N
MUU,,,,,100,Y,N
MVBF,,,,,100,N,N
MVIS,,,,,,,
MVLL,,,,,100,Y,N
MVST,,,,,,,
MVSTW,,,,,,,
MWYN,,,,,,,
MXCT,,,,,,,
MXL,,,,,,,
MYCF,,,,,100,Y,N
MYCG,,,,,100,Y,N
MYCH,,,,,100,Y,N
MYCI,,,,,100,Y,N
MYCJ,,,,,100,Y,N
MYCK,,,,,100,Y,N
MYCL,,,,,100,Y,N
MYCM,,,,,100,Y,N
MYCN,,,,,100,Y,N
MYFW,,,,,,,
MYGN,,,,,,,
MYMF,,,,,100,Y,N
MYMG,,,,,100,Y,N
MYMH,,,,,100,Y,N
MYMI,,,,,100,Y,N
MYMJ,,,,,100,Y,N
MYNZ,,,,,100,N,N
MYPS,,,,,,,
MYPSW,,,,,,,
MYRG,,,,,,,
MYSZ,,,,,,,
NA,,,,,100,N,N
NAAS,,,,,100,N,N
NAGE,,,,,,,
NAII,,,,,,,
NAKA,,,,,,,
NAKAW,,,,,,,
NAMI,,,,,100,N,N
NAMS,,,,,100,N,N
NAMSW,,,,,100,N,N
NAOV,,,,,,,
NATH,,,,,,,
NATO,,,,,100,Y,N
NATR,,,,,,,
NAUT,,,,,,,
NAVI,,,,,100,N,N
NB,,,,,100,N,N
NBBK,,,,,,,
NBIS,,,,,100,N,N
NBIX,,,,,,,
NBN,,,,,100,N,N
NBTB,,,,,100,N,N
NBTX,,,,,100,N,N
NCEW,,,,,100,N,N
NCI,,,,,100,N,N
NCIQ,,,,,100,N,N
NCMI,,,,,,,
NCNA,,,,,100,N,N
NCNO,,,,,,,
NCPB,,,,,100,Y,N
NCPL,,,,,100,N,N
NCPLW,,,,,100,N,N
NCRA,,,,,,,
NCSM,,,,,,,
NCT,,,,,100,N,N
NCTY,,,,,100,N,N
NDAA,,,,,100,Y,N
NDAQ,,,,,,,
NDLS,,,,,100,N,N
NDRA,,,,,100,N,N
NDSN,,,,,100,N,N
NECB,,,,,,,
NEGG,,,,,,,
NEHC,,,,,100,N,N
NEHCW,,,,,100,N,N
NEO,,,,,,,
NEOG,,,,,100,N,N
NEON,,,,,100,N,N
NEOV,,,,,100,N,N
NEOVW,,,,,100,N,N
NEPH,,,,,,,
NERD,,,,,100,Y,N
NERV,,,,,,,
NESR,,,,,100,N,N
NESRW,,,,,100,N,N
NETD,,,,,100,N,N
NETDU,,,,,100,N,N
NETDW,,,,,100,N,N
NEUP,,,,,100,N,N
NEWT,,,,,,,
NEWTG,,,,,,,
NEWTH,,,,,,,
NEWTI,,,,,,,
NEWTZ,,,,,,,
NEWZ,,,,,100,Y,N
NEXN,,,,,100,N,N
NEXT,,,,,100,N,N
NFBK,,,,,,,
NFE,,,,,100,N,N
NFLX,,,,,,,
NFTY,,,,,100,Y,N
NFXL,,,,,100,Y,N
NFXS,,,,,100,Y,N
NGNE,,,,,100,N,N
NHIC,,,,,100,N,N
NHICU,,,,,100,N,N
NHICW,,,,,100,N,N
NHPAP,,,,,,,
NHPBP,,,,,,,
NHTC,,,,,100,N,N
NICE,,,,,100,N,N
NIKL,,,,,100,Y,N
NIOBW,,,,,100,N,N
NIPG,,,,,100,N,N
NISN,,,,,,,
NITO,,,,,,,
NIU,,,,,100,N,N
NIVF,,,,,100,N,N
NIVFW,,,,,100,N,N
NIXT,,,,,100,Y,N
NIXX,,,,,,,
NIXXW,,,,,,,
NKSH,,,,,,,
NKTR,,,,,100,N,N
NKTX,,,,,,,
NLSP,,,,,100,N,N
NLSPW,,,,,100,N,N
NMFC,,,,,100,N,N
NMFCZ,,,,,100,N,N
NMIH,,,,,100,N,N
NMRA,,,,,,,
NMRK,,,,,,,
NMTC,,,,,100,N,N
NN,,,,,100,N,N
NNAVW,,,,,100,N,N
NNBR,,,,,,,
NNDM,,,,,100,N,N
NNE,,,,,100,N,N
NNNN,,,,,100,N,N
NNOX,,,,,100,N,N
NODK,,,,,,,
NOEM,,,,,100,N,N
NOEMR,,,,,100,N,N
NOEMU,,,,,100,N,N
NOEMW,,,,,100,N,N
NOTV,,,,,,,
NOVT,,,,,100,N,N
NPACU,,,,,100,N,N
NPCE,,,,,,,
NPFI,,,,,100,Y,N
NRC,,,,,100,N,N
NRDS,,,,,,,
NRES,,,,,100,Y,N
NRIM,,,,,100,N,N
NRIX,,,,,,,
NRSN,,,,,100,N,N
NRSNW,,,,,100,N,N
NRXP,,,,,,,
NRXPW,,,,,,,
NSCR,,,,,100,Y,N
NSI,,,,,100,Y,N
NSIT,,,,,,,
NSPR,,,,,100,N,N
NSSC,,,,,,,
NSTS,,,,,,,
NSYS,,,,,100,N,N
NTAP,,,,,,,
NTCL,,,,,100,N,N
NTCT,,,,,,,
NTES,,,,,,,
NTGR,,,,,,,
NTHI,,,,,,,
NTIC,,,,,100,N,N
NTLA,,,,,,,
NTNX,,,,,,,
NTRA,,,,,,,
NTRB,,,,,100,N,N
NTRBW,,,,,100,N,N
NTRP,,,,,,,
NTRS,,,,,100,N,N
NTRSO,,,,,,,
NTWK,,,,,100,N,N
NTWO,,,,,100,N,N
NTWOU,,,,,100,N,N
NTWOW,,,,,100,N,N
NUKK,,,,,100,N,N
NUKKW,,,,,100,N,N
NUSB,,,,,100,Y,N
NUTX,,,,,100,N,N
NUVL,,,,,,,
NUWE,,,,,,,
NVA,,,,,100,N,N
NVAWW,,,,,100,N,N
NVAX,,,,,,,
NVCR,,,,,100,N,N
NVCT,,,,,,,
NVD,,,,,100,Y,N
NVDA,,,,,100,N,N
NVDD,,,,,100,Y,N
NVDG,,,,,100,Y,N
NVDL,,,,,100,Y,N
NVDS,,,,,100,Y,N
NVDU,,,,,100,Y,N
NVEC,,,,,100,N,N
NVEE,,,,,,,
NVFY,,,,,,,
NVMI,,,,,100,N,N
NVNI,,,,,100,N,N
NVNIW,,,,,100,N,N
NVNO,,,,,100,N,N
NVTS,,,,,100,N,N
NVVE,,,,,100,N,N
NVVEW,,,,,100,N,N
NVX,,,,,100,N,N
NVYY,,,,,100,Y,N
NWBI,,,,,,,
NWE,,,,,,,
NWFL,,,,,100,N,N
NWGL,,,,,100,N,N
NWL,,,,,100,N,N
NWPX,,,,,100,N,N
NWS,,,,,100,N,N
NWSA,,,,,100,N,N
NWTG,,,,,,,
NWTN,,,,,100,N,N
NWTNW,,,,,100,N,N
NXGL,,,,,,,
NXGLW,,,,,,,
NXL,,,,,,,
NXLIW,,,,,,,
NXPI,,,,,100,N,N
NXPL,,,,,100,N,N
NXPLW,,,,,100,N,N
NXST,,,,,,,
NXT,,,,,100,N,N
NXTC,,,,,,,
NXTG,,,,,100,Y,N
NXTT,,,,,100,N,N
NXXT,,,,,,,
NYAX,,,,,100,N,N
NYMT,,,,,,,
NYMTG,,,,,,,
NYMTI,,,,,,,
NYMTL,,,,,,,
NYMTM,,,,,,,
NYMTN,,,,,,,
NYMTZ,,,,,,,
NYXH,,,,,100,N,N
NZAC,,,,,100,Y,N
NZUS,,,,,100,Y,N
OABI,,,,,,,
OABIW,,,,,,,
OACC,,,,,100,N,N
OACCU,,,,,100,N,N
OACCW,,,,,100,N,N
OAKU,,,,,100,N,N
OAKUR,,,,,100,N,N
OAKUU,,,,,100,N,N
OAKUW,,,,,100,N,N
OB,,,,,100,N,N
OBIL,,,,,100,Y,N
OBIO,,,,,,,
OBLG,,,,,100,N,N
OBT,,,,,,,
OCC,,,,,100,N,N
OCCI,,,,,,,
OCCIM,,,,,,,
OCCIN,,,,,,,
OCCIO,,,,,,,
OCFC,,,,,100,N,N
OCG,,,,,100,N,N
OCGN,,,,,,,
OCS,,,,,100,N,N
OCSAW,,,,,100,N,N
OCSL,,,,,100,N,N
OCTO,,,,,100,N,N
OCUL,,,,,,,
OCX,,,,,100,N,N
ODD,,,,,100,N,N
ODDS,,,,,100,Y,N
ODFL,,,,,,,
ODP,,,,,100,N,N
ODVWZ,,,,,100,N,N
ODYS,,,,,100,N,N
OESX,,,,,,,
OFAL,,,,,100,N,N
OFIX,,,,,100,N,N
OFLX,,,,,,,
OFS,,,,,100,N,N
OFSSH,,,,,100,N,N
OGI,,,,,100,N,N
OKTA,,,,,,,
OKUR,,,,,,,
OKYO,,,,,100,N,N
OLB,,,,,,,
OLED,,,,,100,N,N
OLLI,,,,,,,
OLMA,,,,,,,
OLPX,,,,,,,
OM,,,,,,,
OMAB,,,,,100,N,N
OMCC,,,,,100,N,N
OMCL,,,,,,,
OMER,,,,,100,N,N
OMEX,,,,,,,
OMH,,,,,100,N,N
OMSE,,,,,100,N,N
ON,,,,,100,N,N
ONB,,,,,100,N,N
ONBPO,,,,,,,
ONBPP,,,,,,,
ONC,,,,,100,N,N
ONCO,,,,,,,
ONCY,,,,,100,N,N
ONDS,,,,,100,N,N
ONEG,,,,,100,N,N
ONEQ,,,,,100,Y,N
ONEW,,,,,100,N,N
ONFO,,,,,100,N,N
ONFOW,,,,,100,N,N
ONMD,,,,,100,N,N
ONMDW,,,,,100,N,N
OOQB,,,,,100,Y,N
OOSB,,,,,100,Y,N
OP,,,,,100,N,N
OPAL,,,,,100,N,N
OPBK,,,,,100,N,N
OPCH,,,,,,,
OPEN,,,,,100,N,N
OPI,,,,,100,N,N
OPINL,,,,,100,N,N
OPK,,,,,,,
OPOF,,,,,100,N,N
OPRA,,,,,100,N,N
OPRT,,,,,100,N,N
OPRX,,,,,100,N,N
OPT,,,,,100,N,N
OPTX,,,,,,,
OPTXW,,,,,,,
OPTZ,,,,,100,Y,N
OPXS,,,,,,,
ORCX,,,,,100,Y,N
ORGN,,,,,,,
ORGNW,,,,,,,
ORGO,,,,,100,N,N
ORIC,,,,,,,
ORIS,,,,,100,N,N
ORKA,,,,,,,
ORKT,,,,,100,N,N
ORLY,,,,,,,
ORMP,,,,,100,N,N
ORR,,,,,100,Y,N
ORRF,,,,,,,
OS,,,,,,,
OSBC,,,,,,,
OSIS,,,,,,,
OSPN,,,,,100,N,N
OSRH,,,,,,,
OSRHW,,,,,,,
OSS,,,,,,,
OST,,,,,,,
OSUR,,,,,,,
OSW,,,,,100,N,N
OTEX,,,,,100,N,N
OTLK,,,,,,,
OTLY,,,,,100,N,N
OTRK,,,,,,,
OTTR,,,,,100,N,N
OUST,,,,,,,
OUSTW,,,,,,,
OUSTZ,,,,,,,
OVBC,,,,,100,N,N
OVID,,,,,100,N,N
OVLY,,,,,100,N,N
OXBR,,,,,100,N,N
OXBRW,,,,,100,N,N
OXLC,,,,,100,N,N
OXLCG,,,,,100,N,N
OXLCI,,,,,100,N,N
OXLCL,,,,,100,N,N
OXLCN,,,,,100,N,N
OXLCO,,,,,,,
OXLCP,,,,,100,N,N
OXLCZ,,,,,100,N,N
OXSQ,,,,,100,N,N
OXSQG,,,,,100,N,N
OXSQZ,,,,,100,N,N
OYSEU,,,,,100,N,N
OZEM,,,,,100,Y,N
OZK,,,,,100,N,N
OZKAP,,,,,100,N,N
PAA,,,,,,,
PABD,,,,,100,Y,N
PABU,,,,,100,Y,N
PACB,,,,,,,
PAGP,,,,,,,
PAHC,,,,,100,N,N
PAL,,,,,,,
PALD,,,,,100,Y,N
PALI,,,,,,,
PALU,,,,,100,Y,N
PAMT,,,,,100,N,N
PANG,,,,,100,Y,N
PANL,,,,,100,N,N
PANW,,,,,,,
PARA,,,,,100,N,N
PARAA,,,,,100,N,N
PASG,,,,,,,
PATK,,,,,,,
PATN,,,,,100,Y,N
PAVM,,,,,100,N,N
PAVS,,,,,100,N,N
PAX,,,,,100,N,N
PAYO,,,,,100,N,N
PAYS,,,,,,,
PAYX,,,,,,,
PBBK,,,,,,,
PBFS,,,,,,,
PBHC,,,,,,,
PBM,,,,,100,N,N
PBMWW,,,,,100,N,N
PBPB,,,,,100,N,N
PBQQ,,,,,100,Y,N
PBYI,,,,,100,N,N
PC,,,,,100,N,N
PCAPU,,,,,100,N,N
PCAR,,,,,100,N,N
PCB,,,,,100,N,N
PCH,,,,,100,N,N
PCLA,,,,,100,N,N
PCMM,,,,,100,Y,N
PCRX,,,,,,,
PCSA,,,,,,,
PCSC,,,,,100,N,N
PCT,,,,,,,
PCTTU,,,,,,,
PCTTW,,,,,,,
PCTY,,,,,100,N,N
PCVX,,,,,,,
PCYO,,,,,100,N,N
PDBA,,,,,100,Y,N
PDBC,,,,,100,Y,N
PDD,,,,,100,N,N
PDEX,,,,,,,
PDFS,,,,,,,
PDLB,,,,,,,
PDP,,,,,100,Y,N
PDSB,,,,,100,N,N
PDYN,,,,,100,N,N
PDYNW,,,,,100,N,N
PEBK,,,,,,,
PEBO,,,,,100,N,N
PECO,,,,,,,
PEGA,,,,,100,N,N
PELIU,,,,,100,N,N
PENG,,,,,,,
PENN,,,,,,,
PEP,,,,,,,
PEPG,,,,,100,N,N
PEPS,,,,,100,Y,N
PERI,,,,,100,N,N
PESI,,,,,,,
PET,,,,,100,N,N
PETS,,,,,,,
PETWW,,,,,100,N,N
PETZ,,,,,,,
PEY,,,,,100,Y,N
PEZ,,,,,100,Y,N
PFAI,,,,,100,N,N
PFBC,,,,,100,N,N
PFF,,,,,100,Y,N
PFG,,,,,100,N,N
PFI,,,,,100,Y,N
PFIS,,,,,100,N,N
PFM,,,,,100,Y,N
PFX,,,,,100,N,N
PFXNZ,,,,,100,N,N
PGC,,,,,100,N,N
PGEN,,,,,,,
PGJ,,,,,100,Y,N
PGNY,,,,,,,
PGY,,,,,100,N,N
PGYWW,,,,,100,N,N
PHAR,,,,,,,
PHAT,,,,,,,
PHH,,,,,,,
PHIO,,,,,100,N,N
PHLT,,,,,,,
PHO,,,,,100,Y,N
PHOE,,,,,100,N,N
PHUN,,,,,,,
PHVS,,,,,100,N,N
PI,,,,,,,
PID,,,,,100,Y,N
PIE,,,,,100,Y,N
PIII,,,,,100,N,N
PIIIW,,,,,100,N,N
PINC,,,,,,,
PIO,,,,,100,Y,N
PIZ,,,,,100,Y,N
PKBK,,,,,,,
PKOH,,,,,100,N,N
PKW,,,,,100,Y,N
PLAB,,,,,,,
PLAY,,,,,,,
PLBC,,,,,100,N,N
PLBY,,,,,,,
PLCE,,,,,,,
PLL,,,,,100,N,N
PLMK,,,,,100,N,N
PLMKU,,,,,100,N,N
PLMKW,,,,,100,N,N
PLMR,,,,,,,
PLPC,,,,,100,N,N
PLRX,,,,,,,
PLRZ,,,,,100,N,N
PLSE,,,,,,,
PLTD,,,,,100,Y,N
PLTG,,,,,100,Y,N
PLTK,,,,,100,N,N
PLTR,,,,,100,N,N
PLTU,,,,,100,Y,N
PLUG,,,,,,,
PLUR,,,,,100,N,N
PLUS,,,,,100,N,N
PLUT,,,,,100,N,N
PLXS,,,,,100,N,N
PLYA,,,,,100,N,N
PMAX,,,,,100,N,N
PMBS,,,,,100,Y,N
PMCB,,,,,,,
PMEC,,,,,100,N,N
PMN,,,,,100,N,N
PMTRU,,,,,100,N,N
PMTS,,,,,100,N,N
PMVP,,,,,,,
PN,,,,,100,N,N
PNBK,,,,,100,N,N
PNFP,,,,,,,
PNFPP,,,,,,,
PNQI,,,,,100,Y,N
PNRG,,,,,100,N,N
PNTG,,,,,,,
POAI,,,,,100,N,N
POCI,,,,,,,
PODC,,,,,,,
PODD,,,,,100,N,N
POET,,,,,100,N,N
POLA,,,,,,,
POLE,,,,,100,N,N
POLEU,,,,,100,N,N
POLEW,,,,,100,N,N
PONY,,,,,100,N,N
POOL,,,,,100,N,N
POWI,,,,,,,
POWL,,,,,,,
POWW,,,,,100,N,N
POWWP,,,,,100,N,N
PPBI,,,,,100,N,N
PPBT,,,,,100,N,N
PPC,,,,,100,N,N
PPH,,,,,100,Y,N
PPI,,,,,100,Y,N
PPIH,,,,,,,
PPSI,,,,,,,
PPTA,,,,,100,N,N
PQAP,,,,,100,Y,N
PQJA,,,,,100,Y,N
PQJL,,,,,100,Y,N
PQOC,,,,,100,Y,N
PRAA,,,,,,,
PRAX,,,,,,,
PRCH,,,,,,,
PRCT,,,,,100,N,N
PRDO,,,,,100,N,N
PRE,,,,,100,N,N
PRENW,,,,,100,N,N
PRFX,,,,,100,N,N
PRFZ,,,,,100,Y,N
PRGS,,,,,100,N,N
PRLD,,,,,100,N,N
PRME,,,,,,,
PRN,,,,,100,Y,N
PROF,,,,,100,N,N
PROK,,,,,100,N,N
PROP,,,,,100,N,N
PROV,,,,,,,
PRPH,,,,,,,
PRPL,,,,,,,
PRPO,,,,,,,
PRQR,,,,,100,N,N
PRSO,,,,,100,N,N
PRTA,,,,,100,N,N
PRTC,,,,,100,N,N
PRTG,,,,,100,N,N
PRTH,,,,,,,
PRTS,,,,,,,
PRVA,,,,,,,
PRZO,,,,,100,N,N
PSC,,,,,100,Y,N
PSCC,,,,,100,Y,N
PSCD,,,,,100,Y,N
PSCE,,,,,100,Y,N
PSCF,,,,,100,Y,N
PSCH,,,,,100,Y,N
PSCI,,,,,100,Y,N
PSCM,,,,,100,Y,N
PSCT,,,,,100,Y,N
PSCU,,,,,100,Y,N
PSEC,,,,,100,N,N
PSET,,,,,100,Y,N
PSHG,,,,,100,N,N
PSIG,,,,,100,N,N
PSIX,,,,,,,
PSL,,,,,100,Y,N
PSMT,,,,,,,
PSNL,,,,,,,
PSNY,,,,,100,N,N
PSNYW,,,,,100,N,N
PSTR,,,,,100,Y,N
PSTV,,,,,,,
PSWD,,,,,100,Y,N
PT,,,,,100,N,N
PTC,,,,,100,N,N
PTCT,,,,,,,
PTEC,,,,,100,Y,N
PTEN,,,,,,,
PTF,,,,,100,Y,N
PTGX,,,,,,,
PTH,,,,,100,Y,N
PTHL,,,,,100,N,N
PTIR,,,,,100,Y,N
PTIX,,,,,,,
PTIXW,,,,,,,
PTLE,,,,,100,N,N
PTLO,,,,,100,N,N
PTMN,,,,,100,N,N
PTNM,,,,,100,N,N
PTNQ,,,,,100,Y,N
PTON,,,,,,,
PUBM,,,,,,,
PUI,,,,,100,Y,N
PULM,,,,,,,
PVBC,,,,,,,
PVLA,,,,,,,
PWM,,,,,100,N,N
PWOD,,,,,,,
PWP,,,,,100,N,N
PXI,,,,,100,Y,N
PXLW,,,,,,,
PXS,,,,,100,N,N
PXSAW,,,,,100,N,N
PY,,,,,100,Y,N
PYPD,,,,,100,N,N
PYPG,,,,,100,Y,N
PYPL,,,,,,,
PYXS,,,,,,,
PYZ,,,,,100,Y,N
PZZA,,,,,,,
QABA,,,,,100,Y,N
QAT,,,,,100,Y,N
QBIG,,,,,100,Y,N
QBUF,,,,,100,Y,N
QCLN,,,,,100,Y,N
QCLR,,,,,100,Y,N
QCML,,,,,100,Y,N
QCOM,,,,,100,N,N
QCRH,,,,,,,
QDEL,,,,,100,N,N
QDTY,,,,,100,Y,N
QETA,,,,,100,N,N
QETAR,,,,,100,N,N
QETAU,,,,,100,N,N
QFIN,,,,,,,
QH,,,,,100,N,N
QHDG,,,,,100,Y,N
QIPT,,,,,100,N,N
QLGN,,,,,,,
QLYS,,,,,,,
QMCO,,,,,100,N,N
QMID,,,,,100,Y,N
QMMM,,,,,100,N,N
QMOM,,,,,100,Y,N
QNCX,,,,,,,
QNRX,,,,,,,
QNST,,,,,,,
QNTM,,,,,100,N,N
QNXT,,,,,100,Y,N
QOWZ,,,,,100,Y,N
QQA,,,,,100,Y,N
QQEW,,,,,100,Y,N
QQHG,,,,,100,Y,N
QQJG,,,,,100,Y,N
QQLV,,,,,100,Y,N
QQMG,,,,,100,Y,N
QQQ,,,,,,,
QQQA,,,,,100,Y,N
QQQE,,,,,100,Y,N
QQQG,,,,,100,Y,N
QQQH,,,,,100,Y,N
QQQI,,,,,100,Y,N
QQQJ,,,,,100,Y,N
QQQM,,,,,100,Y,N
QQQP,,,,,100,Y,N
QQQS,,,,,100,Y,N
QQQT,,,,,100,Y,N
QQQX,,,,,100,N,N
QQQY,,,,,100,Y,N
QQWZ,,,,,100,Y,N
QQXT,,,,,100,Y,N
QRHC,,,,,100,N,N
QRMI,,,,,100,Y,N
QRVO,,,,,,,
QSEA,,,,,100,N,N
QSEAR,,,,,100,N,N
QSEAU,,,,,100,N,N
QSG,,,,,100,N,N
QSI,,,,,100,N,N
QSIAW,,,,,100,N,N
QSIX,,,,,100,Y,N
QSML,,,,,100,Y,N
QTEC,,,,,100,Y,N
QTOP,,,,,100,Y,N
QTR,,,,,100,Y,N
QTRX,,,,,100,N,N
QTTB,,,,,100,N,N
QTUM,,,,,100,Y,N
QUBT,,,,,100,N,N
QUIK,,,,,100,N,N
QURE,,,,,100,N,N
QVAL,,,,,100,Y,N
QVCGA,,,,,,,
QVCGP,,,,,,,
QXQ,,,,,100,Y,N
QYLD,,,,,100,Y,N
QYLG,,,,,100,Y,N
RAA,,,,,100,Y,N
RAAQU,,,,,100,N,N
RADX,,,,,100,N,N
RAIL,,,,,,,
RAIN,,,,,,,
RAINW,,,,,,,
RAND,,,,,100,N,N
RANG,,,,,100,N,N
RANGR,,,,,100,N,N
RANGU,,,,,100,N,N
RANI,,,,,,,
RAPP,,,,,,,
RAPT,,,,,,,
RARE,,,,,100,N,N
RAVE,,,,,,,
RAY,,,,,100,N,N
RAYA,,,,,100,N,N
RAYS,,,,,100,Y,N
RBB,,,,,100,N,N
RBBN,,,,,100,N,N
RBCAA,,,,,,,
RBIL,,,,,100,Y,N
RBKB,,,,,,,
RBNE,,,,,100,N,N
RCAT,,,,,,,
RCEL,,,,,,,
RCGE,,,,,100,Y,N
RCKT,,,,,,,
RCKTW,,,,,,,
RCKY,,,,,,,
RCMT,,,,,,,
RCON,,,,,,,
RCT,,,,,100,N,N
RDAC,,,,,100,N,N
RDACR,,,,,100,N,N
RDACU,,,,,100,N,N
RDAGU,,,,,100,N,N
RDCM,,,,,100,N,N
RDFN,,,,,100,N,N
RDGT,,,,,,,
RDHL,,,,,100,N,N
RDI,,,,,100,N,N
RDIB,,,,,100,N,N
RDNT,,,,,,,
RDTL,,,,,100,Y,N
RDTY,,,,,100,Y,N
RDUS,,,,,,,
RDVT,,,,,,,
RDVY,,,,,100,Y,N
RDWR,,,,,100,N,N
RDZN,,,,,,,
RDZNW,,,,,,,
REAI,,,,,100,Y,N
REAL,,,,,,,
REAX,,,,,,,
REBN,,,,,,,
RECT,,,,,100,N,N
REE,,,,,100,N,N
REFI,,,,,,,
REFR,,,,,100,N,N
REG,,,,,100,N,N
REGCO,,,,,100,N,N
REGCP,,,,,100,N,N
REGN,,,,,,,
REIT,,,,,100,Y,N
REKR,,,,,,,
RELI,,,,,,,
RELIW,,,,,,,
RELL,,,,,,,
RELY,,,,,,,
REMG,,,,,100,Y,N
RENB,,,,,100,N,N
RENT,,,,,,,
REPL,,,,,,,
RETO,,,,,,,
REVB,,,,,,,
REVBW,,,,,,,
REYN,,,,,100,N,N
RFAI,,,,,100,N,N
RFAIR,,,,,100,N,N
RFAIU,,,,,100,N,N
RFDI,,,,,100,Y,N
RFEM,,,,,100,Y,N
RFEU,,,,,100,Y,N
RFIL,,,,,,,
RGC,,,,,100,N,N
RGCO,,,,,100,N,N
RGEN,,,,,100,N,N
RGLD,,,,,,,
RGLO,,,,,100,Y,N
RGLS,,,,,100,N,N
RGNX,,,,,100,N,N
RGP,,,,,,,
RGS,,,,,100,N,N
RGTI,,,,,,,
RGTIW,,,,,,,
RGTX,,,,,100,Y,N
RHLD,,,,,100,N,N
RIBB,,,,,100,N,N
RIBBR,,,,,100,N,N
RIBBU,,,,,100,N,N
RICK,,,,,,,
RIFR,,,,,100,Y,N
RIGL,,,,,,,
RILY,,,,,,,
RILYG,,,,,,,
RILYK,,,,,,,
RILYL,,,,,,,
RILYN,,,,,,,
RILYP,,,,,,,
RILYT,,,,,,,
RILYZ,,,,,,,
RIME,,,,,,,
RING,,,,,100,Y,N
RINT,,,,,100,Y,N
RIOT,,,,,,,
RITR,,,,,100,N,N
RIVN,,,,,,,
RKDA,,,,,,,
RKLB,,,,,100,N,N
RKLX,,,,,100,Y,N
RLAY,,,,,,,
RLMD,,,,,,,
RLYB,,,,,100,N,N
RMBI,,,,,,,
RMBL,,,,,,,
RMBS,,,,,,,
RMCF,,,,,,,
RMCO,,,,,100,N,N
RMCOW,,,,,100,N,N
RMNI,,,,,,,
RMR,,,,,100,N,N
RMSG,,,,,100,N,N
RMSGW,,,,,100,N,N
RMTI,,,,,,,
RNA,,,,,,,
RNAC,,,,,,,
RNAZ,,,,,,,
RNEM,,,,,100,Y,N
RNEW,,,,,100,Y,N
RNIN,,,,,100,Y,N
RNRG,,,,,100,Y,N
RNTX,,,,,,,
RNW,,,,,100,N,N
RNWWW,,,,,100,N,N
RNXT,,,,,,,
ROAD,,,,,,,
ROBT,,,,,100,Y,N
ROCK,,,,,,,
ROE,,,,,100,Y,N
ROIV,,,,,100,N,N
ROKU,,,,,,,
ROMA,,,,,100,N,N
ROOT,,,,,,,
ROP,,,,,,,
ROST,,,,,,,
RPAY,,,,,100,N,N
RPD,,,,,,,
RPID,,,,,,,
RPRX,,,,,100,N,N
RPTX,,,,,100,N,N
RR,,,,,100,N,N
RRBI,,,,,,,
RRGB,,,,,,,
RRR,,,,,,,
RSLS,,,,,,,
RSSS,,,,,,,
RSVR,,,,,,,
RSVRW,,,,,,,
RTACU,,,,,100,N,N
RTH,,,,,100,Y,N
RUM,,,,,100,N,N
RUMBW,,,,,100,N,N
RUN,,,,,100,N,N
RUNN,,,,,100,Y,N
RUSC,,,,,100,Y,N
RUSHA,,,,,,,
RUSHB,,,,,,,
RVMD,,,,,,,
RVMDW,,,,,,,
RVNL,,,,,100,Y,N
RVPH,,,,,,,
RVPHW,,,,,,,
RVSB,,,,,100,N,N
RVSN,,,,,100,N,N
RVSNW,,,,,100,N,N
RVYL,,,,,100,N,N
RWAY,,,,,100,N,N
RWAYL,,,,,100,N,N
RWAYZ,,,,,100,N,N
RXRX,,,,,,,
RXST,,,,,,,
RXT,,,,,,,
RYAAY,,,,,,,
RYET,,,,,100,N,N
RYTM,,,,,,,
RZLT,,,,,,,
RZLV,,,,,100,N,N
RZLVW,,,,,100,N,N
SABR,,,,,100,N,N
SABS,,,,,,,
SABSW,,,,,,,
SAFT,,,,,,,
SAGE,,,,,,,
SAGT,,,,,100,N,N
SAIA,,,,,,,
SAIC,,,,,100,N,N
SAIH,,,,,100,N,N
SAIHW,,,,,100,N,N
SAIL,,,,,,,
SAMG,,,,,100,N,N
SANA,,,,,,,
SANG,,,,,100,N,N
SANM,,,,,100,N,N
SANW,,,,,100,N,N
SARK,,,,,100,Y,N
SATL,,,,,100,N,N
SATLW,,,,,100,N,N
SATS,,,,,100,N,N
SAVA,,,,,,,
SBAC,,,,,100,N,N
SBC,,,,,100,N,N
SBCF,,,,,100,N,N
SBCWW,,,,,100,N,N
SBET,,,,,,,
SBFG,,,,,,,
SBFM,,,,,100,N,N
SBFMW,,,,,100,N,N
SBGI,,,,,,,
SBLK,,,,,100,N,N
SBRA,,,,,,,
SBUX,,,,,100,N,N
SCDS,,,,,100,Y,N
SCHL,,,,,100,N,N
SCKT,,,,,,,
SCLX,,,,,100,N,N
SCLXW,,,,,100,N,N
SCNI,,,,,100,N,N
SCNX,,,,,,,
SCOR,,,,,,,
SCPH,,,,,100,N,N
SCSC,,,,,,,
SCVL,,,,,,,
SCWO,,,,,100,N,N
SCYX,,,,,,,
SCZ,,,,,100,Y,N
SDA,,,,,100,N,N
SDAWW,,,,,100,N,N
SDG,,,,,100,Y,N
SDGR,,,,,,,
SDHIU,,,,,100,N,N
SDM,,,,,100,N,N
SDOT,,,,,100,N,N
SDSI,,,,,100,Y,N
SDST,,,,,100,N,N
SDSTW,,,,,100,N,N
SDTY,,,,,100,Y,N
SDVY,,,,,100,Y,N
SEAT,,,,,100,N,N
SEATW,,,,,100,N,N
SEDG,,,,,,,
SEED,,,,,100,N,N
SEEM,,,,,100,Y,N
SEER,,,,,,,
SEIC,,,,,100,N,N
SEIE,,,,,100,Y,N
SEIS,,,,,100,Y,N
SELF,,,,,,,
SELX,,,,,100,N,N
SENEA,,,,,100,N,N
SENEB,,,,,100,N,N
SEPN,,,,,,,
SERA,,,,,,,
SERV,,,,,100,N,N
SETM,,,,,100,Y,N
SEVN,,,,,100,N,N
SEZL,,,,,100,N,N
SFBC,,,,,,,
SFD,,,,,,,
SFHG,,,,,100,N,N
SFIX,,,,,,,
SFLO,,,,,100,Y,N
SFM,,,,,,,
SFNC,,,,,100,N,N
SFST,,,,,,,
SFWL,,,,,100,N,N
SGA,,,,,,,
SGBX,,,,,100,N,N
SGC,,,,,,,
SGD,,,,,100,N,N
SGHT,,,,,,,
SGLY,,,,,100,N,N
SGMA,,,,,,,
SGML,,,,,100,N,N
SGMO,,,,,,,
SGMT,,,,,100,N,N
SGRP,,,,,,,
SGRY,,,,,,,
SHBI,,,,,,,
SHC,,,,,100,N,N
SHEN,,,,,100,N,N
SHFS,,,,,,,
SHFSW,,,,,,,
SHIM,,,,,100,N,N
SHIP,,,,,100,N,N
SHLS,,,,,,,
SHMD,,,,,100,N,N
SHMDW,,,,,100,N,N
SHOO,,,,,,,
SHOP,,,,,100,N,N
SHOT,,,,,,,
SHOTW,,,,,,,
SHPH,,,,,,,
SHRY,,,,,100,Y,N
SHV,,,,,100,Y,N
SHY,,,,,100,Y,N
SHYF,,,,,,,
SIBN,,,,,,,
SIDU,,,,,,,
SIEB,,,,,100,N,N
SIFY,,,,,,,
SIGA,,,,,100,N,N
SIGI,,,,,,,
SIGIP,,,,,,,
SILC,,,,,100,N,N
SILO,,,,,,,
SIMA,,,,,100,N,N
SIMAU,,,,,100,N,N
SIMAW,,,,,100,N,N
SIMO,,,,,,,
SINT,,,,,,,
SION,,,,,,,
SIRI,,,,,100,N,N
SISI,,,,,,,
SITM,,,,,100,N,N
SIXG,,,,,100,Y,N
SJ,,,,,100,N,N
SJCP,,,,,100,Y,N
SJLD,,,,,100,Y,N
SKBL,,,,,100,N,N
SKIN,,,,,100,N,N
SKK,,,,,100,N,N
SKOR,,,,,100,Y,N
SKRE,,,,,100,Y,N
SKWD,,,,,,,
SKYE,,,,,,,
SKYQ,,,,,100,N,N
SKYT,,,,,,,
SKYU,,,,,100,Y,N
SKYW,,,,,,,
SKYX,,,,,100,N,N
SKYY,,,,,100,Y,N
SLAB,,,,,,,
SLDB,,,,,100,N,N
SLDP,,,,,,,
SLDPW,,,,,,,
SLE,,,,,,,
SLGL,,,,,100,N,N
SLM,,,,,100,N,N
SLMBP,,,,,,,
SLN,,,,,100,N,N
SLNG,,,,,,,
SLNH,,,,,,,
SLNHP,,,,,,,
SLNO,,,,,,,
SLP,,,,,,,
SLQD,,,,,100,Y,N
SLRC,,,,,100,N,N
SLRX,,,,,,,
SLS,,,,,,,
SLSN,,,,,,,
SLVO,,,,,,,
SLVR,,,,,100,Y,N
SLXN,,,,,100,N,N
SLXNW,,,,,100,N,N
SMBC,,,,,,,
SMCF,,,,,100,Y,N
SMCI,,,,,,,
SMCL,,,,,100,Y,N
SMCO,,,,,100,Y,N
SMCX,,,,,100,Y,N
SMCZ,,,,,100,Y,N
SMH,,,,,100,Y,N
SMHX,,,,,100,Y,N
SMID,,,,,100,N,N
SMLR,,,,,,,
SMMT,,,,,100,N,N
SMPL,,,,,100,N,N
SMRI,,,,,100,Y,N
SMSI,,,,,,,
SMST,,,,,100,Y,N
SMTC,,,,,100,N,N
SMTI,,,,,100,N,N
SMTK,,,,,,,
SMX,,,,,100,N,N
SMXT,,,,,100,N,N
SMXWW,,,,,100,N,N
SNAL,,,,,,,
SNBR,,,,,100,N,N
SNCR,,,,,,,
SNCY,,,,,,,
SND,,,,,,,
SNDK,,,,,100,N,N
SNDL,,,,,100,N,N
SNDX,,,,,,,
SNES,,,,,,,
SNEX,,,,,100,N,N
SNFCA,,,,,100,N,N
SNGX,,,,,,,
SNOA,,,,,,,
SNPS,,,,,,,
SNPX,,,,,,,
SNRE,,,,,100,N,N
SNSE,,,,,,,
SNSR,,,,,100,Y,N
SNT,,,,,100,N,N
SNTG,,,,,100,N,N
SNTI,,,,,,,
SNWV,,,,,,,
SNY,,,,,100,N,N
SNYR,,,,,100,N,N
SOBR,,,,,,,
SOCL,,,,,100,Y,N
SOFI,,,,,,,
SOFX,,,,,100,Y,N
SOGP,,,,,100,N,N
SOHO,,,,,100,N,N
SOHOB,,,,,100,N,N
SOHON,,,,,100,N,N
SOHOO,,,,,100,N,N
SOHU,,,,,100,N,N
SOLT,,,,,100,Y,N
SOLZ,,,,,100,Y,N
SOND,,,,,100,N,N
SONDW,,,,,100,N,N
SONM,,,,,,,
SONN,,,,,,,
SONO,,,,,,,
SOPA,,,,,100,N,N
SOPH,,,,,100,N,N
SORA,,,,,100,N,N
SOTK,,,,,100,N,N
SOUN,,,,,,,
SOUNW,,,,,,,
SOWG,,,,,100,N,N
SOXQ,,,,,100,Y,N
SOXX,,,,,100,Y,N
SPAI,,,,,100,N,N
SPAM,,,,,100,Y,N
SPAQ,,,,,100,Y,N
SPBC,,,,,100,Y,N
SPC,,,,,100,Y,N
SPCB,,,,,,,
SPCX,,,,,100,Y,N
SPCY,,,,,100,Y,N
SPFI,,,,,,,
SPHL,,,,,100,N,N
SPKL,,,,,100,N,N
SPKLU,,,,,100,N,N
SPKLW,,,,,100,N,N
SPNS,,,,,100,N,N
SPOK,,,,,,,
SPPL,,,,,100,N,N
SPRC,,,,,100,N,N
SPRO,,,,,,,
SPRX,,,,,100,Y,N
SPRY,,,,,,,
SPSC,,,,,,,
SPT,,,,,,,
SPTN,,,,,100,N,N
SPWH,,,,,,,
SPWR,,,,,,,
SPWRW,,,,,,,
SPYQ,,,,,100,Y,N
SQFT,,,,,,,
SQFTP,,,,,,,
SQFTW,,,,,,,
SQLV,,,,,100,Y,N
SQQQ,,,,,100,Y,N
SRAD,,,,,100,N,N
SRBK,,,,,,,
SRCE,,,,,100,N,N
SRDX,,,,,,,
SRET,,,,,100,Y,N
SRM,,,,,,,
SRPT,,,,,,,
SRRK,,,,,100,N,N
SRTS,,,,,,,
SRZN,,,,,,,
SRZNW,,,,,,,
SSBI,,,,,100,N,N
SSBK,,,,,,,
SSII,,,,,100,N,N
SSKN,,,,,,,
SSNC,,,,,,,
SSP,,,,,100,N,N
SSRM,,,,,100,N,N
SSSS,,,,,100,N,N
SSSSL,,,,,100,N,N
SSTI,,,,,,,
SSYS,,,,,,,
STAA,,,,,100,N,N
STAI,,,,,100,N,N
STAK,,,,,100,N,N
STBA,,,,,,,
STEC,,,,,100,N,N
STEP,,,,,100,N,N
STFS,,,,,100,N,N
STGW,,,,,100,N,N
STHO,,,,,100,N,N
STI,,,,,,,
STIM,,,,,,,
STKH,,,,,100,N,N
STKL,,,,,,,
STKS,,,,,,,
STLD,,,,,,,
STNC,,,,,100,Y,N
STNE,,,,,100,N,N
STOK,,,,,,,
STRA,,,,,,,
STRF,,,,,100,N,N
STRK,,,,,100,N,N
STRL,,,,,,,
STRM,,,,,,,
STRO,,,,,,,
STRR,,,,,,,
STRRP,,,,,,,
STRS,,,,,100,N,N
STRT,,,,,100,N,N
STRZ,,,,,100,N,N
STSS,,,,,100,N,N
STSSW,,,,,100,N,N
STTK,,,,,,,
STX,,,,,100,N,N
SUGP,,,,,100,N,N
SUNE,,,,,,,
SUNS,,,,,,,
SUPN,,,,,,,
SURG,,,,,,,
SUSB,,,,,100,Y,N
SUSC,,,,,100,Y,N
SUSL,,,,,100,Y,N
SUUN,,,,,100,N,N
SVA,,,,,,,
SVC,,,,,100,N,N
SVCC,,,,,100,N,N
SVCCU,,,,,100,N,N
SVCCW,,,,,100,N,N
SVCO,,,,,,,
SVII,,,,,100,N,N
SVIIR,,,,,100,N,N
SVIIU,,,,,100,N,N
SVIIW,,,,,100,N,N
SVRA,,,,,,,
SVRE,,,,,100,N,N
SVREW,,,,,100,N,N
SWAG,,,,,,,
SWAGW,,,,,,,
SWBI,,,,,,,
SWIM,,,,,,,
SWIN,,,,,100,N,N
SWKH,,,,,100,N,N
SWKHL,,,,,100,N,N
SWKS,,,,,,,
SWP,,,,,100,Y,N
SWTX,,,,,,,
SWVL,,,,,100,N,N
SWVLW,,,,,100,N,N
SXTC,,,,,,,
SXTP,,,,,,,
SXTPW,,,,,,,
SY,,,,,100,N,N
SYBT,,,,,,,
SYBX,,,,,,,
SYM,,,,,100,N,N
SYNA,,,,,100,N,N
SYPR,,,,,,,
SYRE,,,,,,,
SYTA,,,,,,,
SYTAW,,,,,,,
SZZL,,,,,100,N,N
SZZLR,,,,,100,N,N
SZZLU,,,,,100,N,N
TACHU,,,,,100,N,N
TACOU,,,,,100,N,N
TACT,,,,,100,N,N
TAIT,,,,,100,N,N
TALK,,,,,,,
TALKW,,,,,,,
TANH,,,,,100,N,N
TAOP,,,,,100,N,N
TARA,,,,,,,
TARK,,,,,100,Y,N
TARS,,,,,,,
TASK,,,,,,,
TATT,,,,,100,N,N
TAVI,,,,,100,N,N
TAVIR,,,,,100,N,N
TAVIU,,,,,100,N,N
TAX,,,,,100,Y,N
TAXE,,,,,100,Y,N
TAYD,,,,,,,
TBBK,,,,,,,
TBCH,,,,,100,N,N
TBH,,,,,,,
TBIL,,,,,100,Y,N
TBLA,,,,,100,N,N
TBLAW,,,,,100,N,N
TBLD,,,,,100,N,N
TBMC,,,,,100,N,N
TBMCR,,,,,100,N,N
TBPH,,,,,,,
TBRG,,,,,,,
TC,,,,,100,N,N
TCBI,,,,,,,
TCBIO,,,,,,,
TCBK,,,,,100,N,N
TCBS,,,,,,,
TCBX,,,,,,,
TCHI,,,,,100,Y,N
TCMD,,,,,,,
TCOM,,,,,100,N,N
TCPC,,,,,100,N,N
TCRT,,,,,,,
TCRX,,,,,,,
TCX,,,,,100,N,N
TDAC,,,,,100,N,N
TDACU,,,,,100,N,N
TDACW,,,,,100,N,N
TDI,,,,,100,Y,N
TDIV,,,,,100,Y,N
TDSB,,,,,100,Y,N
TDSC,,,,,100,Y,N
TDTH,,,,,100,N,N
TDUP,,,,,100,N,N
TEAM,,,,,100,N,N
TECH,,,,,100,N,N
TECTP,,,,,,,
TECX,,,,,,,
TEKX,,,,,100,Y,N
TEKY,,,,,100,Y,N
TELA,,,,,,,
TELO,,,,,,,
TEM,,,,,,,
TENB,,,,,,,
TENX,,,,,,,
TER,,,,,,,
TERN,,,,,,,
TFIN,,,,,,,
TFINP,,,,,,,
TFSL,,,,,100,N,N
TGL,,,,,100,N,N
TGTX,,,,,,,
TH,,,,,100,N,N
THAR,,,,,,,
THCH,,,,,100,N,N
THFF,,,,,100,N,N
THMZ,,,,,100,Y,N
THRD,,,,,,,
THRM,,,,,100,N,N
THRY,,,,,,,
THTX,,,,,100,N,N
TIGO,,,,,100,N,N
TIGR,,,,,100,N,N
TIL,,,,,,,
TILE,,,,,,,
TIPT,,,,,100,N,N
TIRX,,,,,100,N,N
TITN,,,,,100,N,N
TIVC,,,,,,,
TKLF,,,,,,,
TKNO,,,,,,,
TLF,,,,,,,
TLN,,,,,100,N,N
TLPH,,,,,,,
TLRY,,,,,,,
TLS,,,,,100,N,N
TLSA,,,,,100,N,N
TLSI,,,,,,,
TLSIW,,,,,,,
TLT,,,,,100,Y,N
TLX,,,,,100,N,N
TMB,,,,,100,Y,N
TMC,,,,,100,N,N
TMCI,,,,,,,
TMCWW,,,,,100,N,N
TMDX,,,,,,,
TMET,,,,,100,Y,N
TMUS,,,,,,,
TNDM,,,,,,,
TNFA,,,,,,,
TNGX,,,,,,,
TNMG,,,,,100,N,N
TNON,,,,,,,
TNONW,,,,,,,
TNXP,,,,,100,N,N
TNYA,,,,,,,
TOI,,,,,,,
TOIIW,,,,,,,
TOMZ,,,,,,,
TOP,,,,,100,N,N
TORO,,,,,100,N,N
TOUR,,,,,100,N,N
TOWN,,,,,100,N,N
TOYO,,,,,,,
TPCS,,,,,100,N,N
TPG,,,,,100,N,N
TPGXL,,,,,100,N,N
TPIC,,,,,,,
TPLS,,,,,100,Y,N
TPST,,,,,,,
TQQQ,,,,,100,Y,N
TQQY,,,,,100,Y,N
TRAW,,,,,,,
TRDA,,,,,,,
TREE,,,,,,,
TRI,,,,,100,N,N
TRIB,,,,,100,N,N
TRIN,,,,,100,N,N
TRINI,,,,,100,N,N
TRINZ,,,,,100,N,N
TRIP,,,,,,,
TRMB,,,,,100,N,N
TRMD,,,,,100,N,N
TRMK,,,,,100,N,N
TRML,,,,,,,
TRNR,,,,,100,N,N
TRNS,,,,,,,
TROO,,,,,,,
TROW,,,,,,,
TRS,,,,,100,N,N
TRSG,,,,,100,N,N
TRST,,,,,100,N,N
TRUE,,,,,,,
TRUG,,,,,,,
TRUP,,,,,,,
TRVG,,,,,100,N,N
TRVI,,,,,,,
TSAT,,,,,100,N,N
TSBK,,,,,,,
TSBX,,,,,100,N,N
TSCO,,,,,100,N,N
TSDD,,,,,100,Y,N
TSEL,,,,,100,Y,N
TSEM,,,,,100,N,N
TSHA,,,,,,,
TSL,,,,,100,Y,N
TSLA,,,,,,,
TSLG,,,,,100,Y,N
TSLL,,,,,100,Y,N
TSLQ,,,,,100,Y,N
TSLR,,,,,100,Y,N
TSLS,,,,,100,Y,N
TSMG,,,,,100,Y,N
TSMU,,,,,100,Y,N
TSMX,,,,,100,Y,N
TSMZ,,,,,100,Y,N
TSPY,,,,,100,Y,N
TSSI,,,,,,,
TSYY,,,,,100,Y,N
TTAN,,,,,,,
TTD,,,,,,,
TTEC,,,,,,,
TTEK,,,,,,,
TTEQ,,,,,100,Y,N
TTGT,,,,,,,
TTMI,,,,,,,
TTNP,,,,,,,
TTSH,,,,,,,
TTWO,,,,,,,
TUG,,,,,100,Y,N
TUGN,,,,,100,Y,N
TUR,,,,,100,Y,N
TURB,,,,,,,
TURN,,,,,100,N,N
TUSK,,,,,,,
TVA,,,,,100,N,N
TVACU,,,,,100,N,N
TVACW,,,,,100,N,N
TVAIU,,,,,100,N,N
TVGN,,,,,100,N,N
TVGNW,,,,,100,N,N
TVRD,,,,,,,
TVTX,,,,,,,
TW,,,,,100,N,N
TWFG,,,,,,,
TWG,,,,,100,N,N
TWIN,,,,,,,
TWNP,,,,,100,N,N
TWST,,,,,100,N,N
TXG,,,,,,,
TXMD,,,,,,,
TXN,,,,,100,N,N
TXRH,,,,,,,
TXSS,,,,,100,Y,N
TXUE,,,,,100,Y,N
TXUG,,,,,100,Y,N
TYGO,,,,,,,
TYRA,,,,,,,
TZOO,,,,,100,N,N
TZUP,,,,,100,N,N
UAE,,,,,100,Y,N
UAL,,,,,,,
UBCP,,,,,,,
UBFO,,,,,100,N,N
UBND,,,,,100,Y,N
UBRL,,,,,100,Y,N
UBSI,,,,,,,
UBX,,,,,,,
UBXG,,,,,100,N,N
UCAR,,,,,100,N,N
UCL,,,,,100,N,N
UCRD,,,,,100,Y,N
UCTT,,,,,,,
UCYB,,,,,100,Y,N
UDMY,,,,,,,
UEIC,,,,,100,N,N
UEVM,,,,,100,Y,N
UFCS,,,,,,,
UFG,,,,,100,N,N
UFIV,,,,,100,Y,N
UFO,,,,,100,Y,N
UFPI,,,,,,,
UFPT,,,,,,,
UG,,,,,,,
UGRO,,,,,,,
UHG,,,,,,,
UHGWW,,,,,,,
UITB,,,,,100,Y,N
UIVM,,,,,100,Y,N
UK,,,,,100,N,N
UKOMW,,,,,100,N,N
ULBI,,,,,100,N,N
ULCC,,,,,,,
ULH,,,,,,,
ULTA,,,,,,,
ULVM,,,,,100,Y,N
ULY,,,,,100,N,N
UMBF,,,,,100,N,N
UMBFP,,,,,,,
UMMA,,,,,100,Y,N
UNB,,,,,,,
UNCY,,,,,,,
UNIT,,,,,100,N,N
UNIY,,,,,100,Y,N
UNTY,,,,,,,
UOKA,,,,,100,N,N
UONE,,,,,,,
UONEK,,,,,,,
UPB,,,,,,,
UPBD,,,,,,,
UPC,,,,,100,N,N
UPGR,,,,,100,Y,N
UPLD,,,,,,,
UPST,,,,,,,
UPWK,,,,,100,N,N
UPXI,,,,,,,
URBN,,,,,,,
URGN,,,,,100,N,N
URNJ,,,,,100,Y,N
UROY,,,,,100,N,N
USAF,,,,,100,Y,N
USAR,,,,,,,
USARW,,,,,,,
USAU,,,,,100,N,N
USCB,,,,,,,
USCL,,,,,100,Y,N
USDX,,,,,100,Y,N
USEA,,,,,100,N,N
USEG,,,,,100,N,N
USFI,,,,,100,Y,N
USGO,,,,,100,N,N
USGOW,,,,,100,N,N
USIG,,,,,100,Y,N
USIN,,,,,100,Y,N
USIO,,,,,,,
USLM,,,,,,,
USMC,,,,,100,Y,N
USOI,,,,,,,
USOY,,,,,100,Y,N
USRD,,,,,100,Y,N
USSH,,,,,100,Y,N
USTB,,,,,100,Y,N
USVM,,,,,100,Y,N
USVN,,,,,100,Y,N
USXF,,,,,100,Y,N
UTEN,,,,,100,Y,N
UTHR,,,,,100,N,N
UTHY,,,,,100,Y,N
UTMD,,,,,,,
UTRE,,,,,100,Y,N
UTSI,,,,,100,N,N
UTWO,,,,,100,Y,N
UTWY,,,,,100,Y,N
UVSP,,,,,100,N,N
UXIN,,,,,100,N,N
UYLD,,,,,100,Y,N
UYSC,,,,,100,N,N
UYSCR,,,,,100,N,N
UYSCU,,,,,100,N,N
VABK,,,,,100,N,N
VACH,,,,,100,N,N
VACHU,,,,,100,N,N
VACHW,,,,,100,N,N
VALN,,,,,100,N,N
VALU,,,,,,,
VANI,,,,,,,
VBIL,,,,,100,Y,N
VBNK,,,,,100,N,N
VBTX,,,,,,,
VC,,,,,100,N,N
VCEL,,,,,100,N,N
VCIC,,,,,100,N,N
VCICU,,,,,100,N,N
VCICW,,,,,100,N,N
VCIG,,,,,100,N,N
VCIT,,,,,100,Y,N
VCLT,,,,,100,Y,N
VCRB,,,,,100,Y,N
VCSH,,,,,100,Y,N
VCTR,,,,,,,
VCYT,,,,,,,
VECO,,,,,100,N,N
VEEA,,,,,100,N,N
VEEAW,,,,,100,N,N
VEEE,,,,,100,N,N
VEON,,,,,100,N,N
VERA,,,,,,,
VERB,,,,,,,
VERI,,,,,,,
VERO,,,,,100,N,N
VERU,,,,,100,N,N
VERV,,,,,,,
VERX,,,,,,,
VFF,,,,,,,
VFLO,,,,,100,Y,N
VFS,,,,,100,N,N
VFSWW,,,,,100,N,N
VGAS,,,,,,,
VGASW,,,,,,,
VGIT,,,,,100,Y,N
VGLT,,,,,100,Y,N
VGSH,,,,,100,Y,N
VGSR,,,,,100,Y,N
VGUS,,,,,100,Y,N
VIASP,,,,,,,
VIAV,,,,,100,N,N
VICR,,,,,100,N,N
VIGI,,,,,100,Y,N
VIGL,,,,,,,
VINP,,,,,100,N,N
VIOT,,,,,,,
VIR,,,,,,,
VIRC,,,,,100,N,N
VIRT,,,,,,,
VITL,,,,,,,
VIVK,,,,,,,
VIVS,,,,,,,
VKTX,,,,,,,
VLCN,,,,,,,
VLGEA,,,,,,,
VLY,,,,,100,N,N
VLYPN,,,,,,,
VLYPO,,,,,100,N,N
VLYPP,,,,,100,N,N
VMAR,,,,,100,N,N
VMBS,,,,,100,Y,N
VMD,,,,,,,
VMEO,,,,,,,
VNDA,,,,,100,N,N
VNET,,,,,,,
VNOM,,,,,,,
VNQI,,,,,100,Y,N
VOD,,,,,100,N,N
VOLT,,,,,100,Y,N
VONE,,,,,100,Y,N
VONG,,,,,100,Y,N
VONV,,,,,100,Y,N
VOR,,,,,100,N,N
VOXR,,,,,100,N,N
VPLS,,,,,100,Y,N
VRA,,,,,,,
VRAR,,,,,,,
VRAX,,,,,100,N,N
VRCA,,,,,100,N,N
VRDN,,,,,,,
VREX,,,,,100,N,N
VRIG,,,,,100,Y,N
VRM,,,,,,,
VRME,,,,,,,
VRMEW,,,,,,,
VRNA,,,,,100,N,N
VRNS,,,,,,,
VRNT,,,,,100,N,N
VRRM,,,,,100,N,N
VRSK,,,,,,,
VRSN,,,,,,,
VRTL,,,,,100,Y,N
VRTX,,,,,100,N,N
VS,,,,,100,N,N
VSA,,,,,100,N,N
VSAT,,,,,,,
VSDA,,,,,100,Y,N
VSEC,,,,,100,N,N
VSEE,,,,,,,
VSEEW,,,,,,,
VSME,,,,,100,N,N
VSMV,,,,,100,Y,N
VSSYW,,,,,100,N,N
VSTA,,,,,100,N,N
VSTM,,,,,,,
VTC,,,,,100,Y,N
VTGN,,,,,,,
VTHR,,,,,100,Y,N
VTIP,,,,,100,Y,N
VTRS,,,,,100,N,N
VTSI,,,,,,,
VTVT,,,,,100,N,N
VTWG,,,,,100,Y,N
VTWO,,,,,100,Y,N
VTWV,,,,,100,Y,N
VTYX,,,,,,,
VUZI,,,,,100,N,N
VVOS,,,,,,,
VVPR,,,,,100,N,N
VWOB,,,,,100,Y,N
VXRT,,,,,,,
VXUS,,,,,100,Y,N
VYGR,,,,,,,
VYMI,,,,,100,Y,N
VYNE,,,,,100,N,N
WABC,,,,,100,N,N
WABF,,,,,100,Y,N
WAFD,,,,,,,
WAFDP,,,,,,,
WAFU,,,,,100,N,N
WAI,,,,,100,N,N
WALD,,,,,100,N,N
WALDW,,,,,100,N,N
WASH,,,,,,,
WATT,,,,,100,N,N
WAVE,,,,,100,N,N
WAY,,,,,100,N,N
WB,,,,,100,N,N
WBA,,,,,,,
WBD,,,,,,,
WBND,,,,,100,Y,N
WBTN,,,,,100,N,N
WBUY,,,,,100,N,N
WCBR,,,,,100,Y,N
WCLD,,,,,100,Y,N
WCT,,,,,100,N,N
WDAY,,,,,,,
WDC,,,,,100,N,N
WDFC,,,,,100,N,N
WEEI,,,,,100,Y,N
WEN,,,,,100,N,N
WENNU,,,,,100,N,N
WERN,,,,,,,
WEST,,,,,100,N,N
WETH,,,,,100,N,N
WETO,,,,,100,N,N
WEYS,,,,,,,
WFCF,,,,,,,
WFF,,,,,100,N,N
WFRD,,,,,100,N,N
WGMI,,,,,100,Y,N
WGRX,,,,,,,
WGS,,,,,100,N,N
WGSWW,,,,,100,N,N
WHF,,,,,,,
WHFCL,,,,,,,
WHLR,,,,,,,
WHLRD,,,,,,,
WHLRL,,,,,,,
WHLRP,,,,,,,
WHWK,,,,,,,
WILC,,,,,,,
WIMI,,,,,100,N,N
WINA,,,,,100,N,N
WINC,,,,,100,Y,N
WING,,,,,100,N,N
WINT,,,,,,,
WISE,,,,,100,Y,N
WIX,,,,,100,N,N
WKEY,,,,,100,N,N
WKHS,,,,,,,
WKSP,,,,,,,
WLAC,,,,,100,N,N
WLACU,,,,,100,N,N
WLACW,,,,,100,N,N
WLDN,,,,,,,
WLDS,,,,,100,N,N
WLDSW,,,,,100,N,N
WLFC,,,,,100,N,N
WLGS,,,,,,,
WMG,,,,,100,N,N
WNDY,,,,,100,Y,N
WNEB,,,,,,,
WNW,,,,,100,N,N
WOK,,,,,100,N,N
WOOD,,,,,100,Y,N
WOOF,,,,,,,
WORX,,,,,100,N,N
WPRT,,,,,100,N,N
WRAP,,,,,,,
WRD,,,,,100,N,N
WRLD,,,,,100,N,N
WRND,,,,,100,Y,N
WSBC,,,,,,,
WSBCP,,,,,,,
WSBF,,,,,,,
WSBK,,,,,,,
WSC,,,,,100,N,N
WSFS,,,,,100,N,N
WSML,,,,,100,Y,N
WTBA,,,,,100,N,N
WTBN,,,,,100,Y,N
WTF,,,,,100,N,N
WTFC,,,,,100,N,N
WTFCM,,,,,,,
WTFCN,,,,,,,
WTFCP,,,,,,,
WTGUU,,,,,100,N,N
WTMU,,,,,100,Y,N
WTMY,,,,,100,Y,N
WTO,,,,,100,N,N
WTW,,,,,100,N,N
WULF,,,,,100,N,N
WVE,,,,,100,N,N
WVVI,,,,,,,
WVVIP,,,,,,,
WWD,,,,,,,
WXM,,,,,100,N,N
WYHG,,,,,100,N,N
WYNN,,,,,,,
XAGE,,,,,,,
XAGEW,,,,,,,
XAIR,,,,,,,
XAIX,,,,,100,Y,N
XBIL,,,,,100,Y,N
XBIO,,,,,,,
XBIT,,,,,100,N,N
XBP,,,,,,,
XBPEW,,,,,,,
XBTY,,,,,100,Y,N
XCH,,,,,100,N,N
XCNY,,,,,100,Y,N
XCUR,,,,,,,
XEL,,,,,100,N,N
XELB,,,,,,,
XENE,,,,,100,N,N
XERS,,,,,,,
XFIX,,,,,100,Y,N
XFOR,,,,,,,
XGN,,,,,100,N,N
XHG,,,,,100,N,N
XHLD,,,,,,,
XLO,,,,,,,
XMAG,,,,,100,Y,N
XMTR,,,,,,,
XNCR,,,,,,,
XNET,,,,,100,N,N
XOMA,,,,,100,N,N
XOMAO,,,,,100,N,N
XOMAP,,,,,100,N,N
XOMX,,,,,100,Y,N
XOMZ,,,,,100,Y,N
XOS,,,,,,,
XOSWW,,,,,,,
XOVR,,,,,100,Y,N
XP,,,,,100,N,N
XPEL,,,,,,,
XPON,,,,,100,N,N
XRAY,,,,,100,N,N
XRPI,,,,,100,Y,N
XRPT,,,,,100,Y,N
XRTX,,,,,100,N,N
XRX,,,,,100,N,N
XT,,,,,100,Y,N
XTIA,,,,,,,
XTKG,,,,,,,
XTLB,,,,,100,N,N
XWEL,,,,,,,
XXII,,,,,,,
XYLO,,,,,100,N,N
XYZG,,,,,100,Y,N
YAAS,,,,,100,N,N
YB,,,,,100,N,N
YGMZ,,,,,100,N,N
YHC,,,,,100,N,N
YHGJ,,,,,100,N,N
YHNA,,,,,100,N,N
YHNAR,,,,,100,N,N
YHNAU,,,,,100,N,N
YI,,,,,,,
YIBO,,,,,100,N,N
YJ,,,,,100,N,N
YLDE,,,,,100,Y,N
YMAB,,,,,,,
YOKE,,,,,100,Y,N
YORW,,,,,100,N,N
YOSH,,,,,100,N,N
YQ,,,,,100,N,N
YQQQ,,,,,100,Y,N
YSPY,,,,,100,Y,N
YSXT,,,,,,,
YTRA,,,,,,,
YXT,,,,,100,N,N
YYAI,,,,,100,N,N
YYGH,,,,,100,N,N
Z,,,,,,,
ZAP,,,,,100,Y,N
ZAZZT,,,,,100,,N
ZBAI,,,,,100,N,N
ZBAO,,,,,100,N,N
ZBIO,,,,,,,
ZBRA,,,,,100,N,N
ZBZZT,,,,,100,,N
ZCMD,,,,,100,N,N
ZCZZT,,,,,100,,N
ZD,,,,,,,
ZDAI,,,,,100,N,N
ZENA,,,,,,,
ZENV,,,,,100,N,N
ZEO,,,,,100,N,N
ZEOWW,,,,,100,N,N
ZEUS,,,,,,,
ZG,,,,,,,
ZIMV,,,,,100,N,N
ZION,,,,,100,N,N
ZIONP,,,,,100,N,N
ZIPP,,,,,100,Y,N
ZJK,,,,,,,
ZJYL,,,,,100,N,N
ZJZZT,,,,,100,,N
ZKIN,,,,,,,
ZLAB,,,,,100,N,N
ZM,,,,,,,
ZNTL,,,,,,,
ZOOZ,,,,,100,N,N
ZOOZW,,,,,100,N,N
ZS,,,,,,,
ZSPC,,,,,,,
ZTEK,,,,,100,N,N
ZTEN,,,,,100,Y,N
ZTOP,,,,,100,Y,N
ZTRE,,,,,100,Y,N
ZTWO,,,,,100,Y,N
ZUMZ,,,,,100,N,N
ZURA,,,,,100,N,N
ZVRA,,,,,,,
ZVSA,,,,,,,
ZVZZT,,,,,100,,N
ZWZZT,,,,,100,,N
ZXYZ.A,,,,,100,,N
ZXZZT,,,,,100,,N
ZYBT,,,,,100,N,N
ZYME,,,,,100,N,N
ZYXI,,,,,,,
ZZZ,,,,,100,Y,N